Phase,Iteration,Time,Speed,Acceleration,F motor,F res,F total,F motor/TM,F res/TM,P Wheel,P Motor out, P Motor In, P VVVF in, P Catenary,E motor,E pow,E regen,E APS
Starting,0,0,0,1,115.881,13.1037,102.778,4.82839,0.717213,16.0946,16.4231,18.4529,19.2218,49.2218,0,0,0,0
Accelerating,1,0.5,0.5,1,115.881,4.30328,102.778,4.82839,0.717213,16.0946,16.4231,18.4529,19.2218,49.2218,0,0,0,0
Accelerating,2,1,1.04268,1.08537,115.881,4.33003,111.551,4.82839,0.721672,33.5632,34.2482,38.4811,40.0845,70.0845,0.00228099,0.0026697,0,0.00416667
Accelerating,3,1.5,1.58522,1.08508,115.881,4.3597,111.522,4.82839,0.726616,51.0271,52.0685,58.5039,60.9416,90.9416,0.00703768,0.00823698,0,0.00833333
Accelerating,4,2,2.12761,1.08478,115.881,4.39001,111.491,4.82839,0.731669,68.4863,69.884,78.5214,81.7931,111.793,0.0215012,0.0251652,0,0.0166667
Accelerating,5,2.5,2.66985,1.08448,115.881,4.42098,111.46,4.82839,0.73683,85.9407,87.6945,98.5332,102.639,132.639,0.0409134,0.0478855,0,0.025
Accelerating,6,3,3.21194,1.08417,115.881,4.45259,111.429,4.82839,0.742098,103.39,105.5,118.539,123.479,153.479,0.0774528,0.0906517,0,0.0375
Accelerating,7,3.5,3.75387,1.08386,115.881,4.48485,111.397,4.82839,0.747475,120.834,123.3,138.54,144.312,174.312,0.121411,0.142101,0,0.05
Accelerating,8,4,4.29564,1.08354,115.881,4.51775,111.364,4.82839,0.752959,138.274,141.095,158.534,165.14,195.14,0.189911,0.222274,0,0.0666667
Accelerating,9,4.5,4.83724,1.08321,115.881,4.5513,111.33,4.82839,0.75855,155.707,158.885,178.523,185.961,215.961,0.268298,0.314019,0,0.0833333
Accelerating,10,5,5.37868,1.08288,115.881,4.58549,111.296,4.82839,0.764249,173.136,176.669,198.505,206.776,236.776,0.378635,0.443158,0,0.104167
Accelerating,11,5.5,5.91995,1.08254,115.881,4.62033,111.261,4.82839,0.770055,190.559,194.448,218.481,227.584,257.584,0.501322,0.586753,0,0.125
Accelerating,12,6,6.46105,1.0822,115.881,4.65581,111.226,4.82839,0.775968,207.977,212.221,238.451,248.386,278.386,0.663362,0.776407,0,0.15
Accelerating,13,6.5,7.00197,1.08184,115.881,4.69193,111.19,4.82839,0.781988,225.389,229.988,258.414,269.181,299.181,0.840213,0.983395,0,0.175
Accelerating,14,7,7.54272,1.08149,115.881,4.72869,111.153,4.82839,0.788115,242.795,247.75,278.37,289.969,319.969,1.06381,1.2451,0,0.204167
Accelerating,15,7.5,8.08328,1.08112,115.881,4.76609,111.115,4.82839,0.794349,260.195,265.505,298.32,310.75,340.75,1.30468,1.52701,0,0.233333
Accelerating,16,8,8.62365,1.08075,115.881,4.80414,111.077,4.82839,0.800689,277.589,283.254,318.263,331.524,361.524,1.59969,1.87229,0,0.266667
Accelerating,17,8.5,9.16384,1.08038,115.881,4.84282,111.039,4.82839,0.807136,294.978,300.998,338.2,352.291,382.291,1.91441,2.24065,0,0.3
Accelerating,18,9,9.70384,1.07999,115.881,4.88213,110.999,4.82839,0.813689,312.36,318.734,358.129,373.051,403.051,2.29066,2.68102,0,0.3375
Accelerating,19,9.5,10.2436,1.0796,115.881,4.92209,110.959,4.82839,0.820348,329.736,336.465,378.05,393.803,423.803,2.68908,3.14733,0,0.375
Accelerating,20,10,10.7832,1.07921,115.881,4.96268,110.919,4.82839,0.827113,347.105,354.189,397.965,414.547,444.547,3.15639,3.69428,0,0.416667
Accelerating,21,10.5,11.3227,1.07881,115.881,5.0039,110.878,4.82839,0.833984,364.468,371.906,417.872,435.284,465.284,3.64832,4.27004,0,0.458333
Accelerating,22,11,11.8619,1.0784,115.881,5.04576,110.836,4.82839,0.84096,381.825,389.617,437.772,456.012,486.012,4.21651,4.93505,0,0.504167
Accelerating,23,11.5,12.4008,1.07799,115.881,5.08825,110.793,4.82839,0.848042,399.174,407.321,457.664,476.733,506.733,4.81176,5.63174,0,0.55
Accelerating,24,12,12.9396,1.07757,115.881,5.13137,110.75,4.82839,0.855229,416.518,425.018,477.548,497.446,527.446,5.49063,6.42629,0,0.6
Accelerating,25,12.5,13.4782,1.07714,115.881,5.17513,110.706,4.82839,0.862521,433.854,442.708,497.425,518.151,548.151,6.19899,7.25537,0,0.65
Accelerating,26,13,14.0166,1.07671,115.881,5.21951,110.662,4.82839,0.869918,451.183,460.391,517.293,538.847,568.847,6.99832,8.19092,0,0.704167
Accelerating,27,13.5,14.5547,1.07627,115.881,5.26452,110.617,4.82839,0.877421,468.505,478.067,537.154,559.535,589.535,7.82958,9.16384,0,0.758333
Accelerating,28,14,15.0926,1.07583,115.881,5.31016,110.571,4.82839,0.885027,485.82,495.735,557.006,580.214,610.214,8.75916,10.2518,0,0.816667
Accelerating,29,14.5,15.6303,1.07538,115.881,5.35643,110.525,4.82839,0.892738,503.128,513.396,576.85,600.885,630.885,9.72309,11.38,0,0.875
Accelerating,30,15,16.1678,1.07492,115.881,5.40332,110.478,4.82839,0.900554,520.429,531.05,596.685,621.547,651.547,10.7927,12.6319,0,0.9375
Accelerating,31,15.5,16.705,1.07446,115.881,5.45084,110.431,4.82839,0.908473,537.722,548.696,616.512,642.2,672.2,11.899,13.9268,0,1
Accelerating,32,16,17.242,1.07399,115.881,5.49898,110.382,4.82839,0.916497,555.007,566.334,636.33,662.844,692.844,13.1183,15.3539,0,1.06667
Accelerating,33,16.5,17.7787,1.07352,115.881,5.54774,110.334,4.82839,0.924624,572.285,583.964,656.14,683.479,713.479,14.3769,16.8268,0,1.13333
Accelerating,34,17,18.3153,1.07304,115.881,5.59713,110.284,4.82839,0.932854,589.555,601.587,675.941,704.105,734.105,15.7557,18.4406,0,1.20417
Accelerating,35,17.5,18.8515,1.07255,115.881,5.64713,110.234,4.82839,0.941188,606.818,619.202,695.732,724.721,754.721,17.1761,20.1031,0,1.275
Accelerating,36,18,19.3876,1.07206,115.881,5.69775,110.184,4.82839,0.949626,624.072,636.808,715.515,745.328,775.328,18.7241,21.9149,0,1.35
Accelerating,37,18.5,19.9233,1.07156,115.881,5.74899,110.132,4.82839,0.958166,641.318,654.407,735.288,765.925,795.925,20.3161,23.7782,0,1.425
Accelerating,38,19,20.4589,1.07105,115.881,5.80085,110.081,4.82839,0.966809,658.557,671.997,755.052,786.513,816.513,22.043,25.7994,0,1.50417
Accelerating,39,19.5,20.9941,1.07054,115.881,5.85332,110.028,4.82839,0.975554,675.787,689.578,774.807,807.091,837.091,23.8163,27.8749,0,1.58333
Accelerating,40,20,21.5292,1.07003,115.881,5.90641,109.975,4.82839,0.984402,693.008,707.151,794.552,827.658,857.658,25.7318,30.1168,0,1.66667
Accelerating,41,20.5,22.0639,1.0695,115.881,5.96011,109.921,4.82839,0.993352,710.222,724.716,814.288,848.216,878.216,27.6961,32.4159,0,1.75
Accelerating,42,21,22.5984,1.06898,115.881,6.01442,109.867,4.82839,1.0024,727.426,742.272,834.013,868.764,898.764,29.8099,34.8899,0,1.8375
Accelerating,43,21.5,23.1326,1.06844,115.881,6.06934,109.812,4.82839,1.01156,744.623,759.819,853.729,889.301,919.301,31.9749,37.4238,0,1.925
Accelerating,44,22,23.6666,1.0679,115.881,6.12488,109.757,4.82839,1.02081,761.81,777.357,873.435,909.828,939.828,34.2965,40.1411,0,2.01667
Accelerating,45,22.5,24.2002,1.06736,115.881,6.18102,109.7,4.82839,1.03017,778.989,794.887,893.131,930.345,960.345,36.6718,42.9211,0,2.10833
Accelerating,46,23,24.7336,1.0668,115.881,6.23776,109.644,4.82839,1.03963,796.159,812.407,912.817,950.851,980.851,39.211,45.893,0,2.20417
Accelerating,47,23.5,25.2668,1.06625,115.881,6.29511,109.586,4.82839,1.04919,813.32,829.918,932.492,971.346,1001.35,41.8062,48.9305,0,2.3
Accelerating,48,24,25.7996,1.06568,115.881,6.35307,109.528,4.82839,1.05884,830.471,847.42,952.157,991.83,1021.83,44.5726,52.1683,0,2.4
Accelerating,49,24.5,26.3322,1.06511,115.881,6.41163,109.47,4.82839,1.0686,847.614,864.912,971.811,1012.3,1042.3,47.3973,55.4744,0,2.5
Accelerating,50,25,26.8644,1.06454,115.881,6.47079,109.411,4.82839,1.07846,864.747,882.395,991.455,1032.77,1062.77,50.4005,58.9893,0,2.60417
Accelerating,51,25.5,27.3964,1.06395,115.881,6.53055,109.351,4.82839,1.08842,881.871,899.869,1011.09,1053.22,1083.22,53.4644,62.5753,0,2.70833
Accelerating,52,26,27.9281,1.06337,115.881,6.59091,109.291,4.82839,1.09848,898.986,917.332,1030.71,1073.66,1103.66,56.7139,66.3786,0,2.81667
Accelerating,53,26.5,28.4595,1.06277,115.881,6.65186,109.23,4.82839,1.10864,916.091,934.786,1050.32,1094.09,1124.09,60.0265,70.2557,0,2.925
Accelerating,54,27,28.9906,1.06218,115.881,6.71342,109.168,4.82839,1.1189,933.186,952.231,1069.92,1114.5,1144.5,63.5319,74.3585,0,3.0375
Accelerating,55,27.5,29.5214,1.06157,115.881,6.77556,109.106,4.82839,1.12926,950.272,969.665,1089.51,1134.91,1164.91,67.1028,78.5379,0,3.15
Accelerating,56,28,30.0518,1.06096,115.881,6.8383,109.043,4.82839,1.13972,967.348,987.089,1109.09,1155.3,1185.3,70.8737,82.9514,0,3.26667
Accelerating,57,28.5,30.582,1.06034,115.881,6.90163,108.98,4.82839,1.15027,984.413,1004.5,1128.66,1175.68,1205.68,74.7124,87.4443,0,3.38333
Accelerating,58,29,31.1119,1.05972,115.881,6.96556,108.916,4.82839,1.16093,1001.47,1021.91,1148.21,1196.05,1226.05,78.7583,92.1797,0,3.50417
Accelerating,59,29.5,31.6414,1.05909,115.881,7.03007,108.851,4.82839,1.17168,1018.51,1039.3,1167.75,1216.41,1246.41,82.8743,96.9971,0,3.625
Accelerating,60,30,32.1706,1.05846,115.881,7.09517,108.786,4.82839,1.18253,1035.55,1056.68,1187.29,1236.76,1266.76,87.2047,102.065,0,3.75
Accelerating,61,30.5,32.6996,1.05782,115.881,7.16085,108.721,4.82839,1.19348,1052.58,1074.06,1206.81,1257.09,1287.09,91.6076,107.219,0,3.875
Accelerating,62,31,33.2281,1.05718,115.881,7.22712,108.654,4.82839,1.20452,1069.59,1091.42,1226.31,1277.41,1307.41,96.232,112.631,0,4.00417
Accelerating,63,31.5,33.7564,1.05653,115.881,7.29397,108.587,4.82839,1.21566,1086.6,1108.77,1245.81,1297.72,1327.72,100.931,118.131,0,4.13333
Accelerating,64,32,34.2843,1.05587,115.881,7.3614,108.52,4.82839,1.2269,1103.59,1126.11,1265.29,1318.01,1348.01,105.859,123.899,0,4.26667
Accelerating,65,32.5,34.812,1.05521,115.881,7.42942,108.452,4.82839,1.23824,1120.57,1143.44,1284.77,1338.3,1368.3,110.864,129.757,0,4.4
Accelerating,66,33,35.3392,1.05454,115.881,7.49801,108.383,4.82839,1.24967,1137.54,1160.76,1304.22,1358.57,1388.57,116.105,135.89,0,4.5375
Accelerating,67,33.5,35.8607,1.04305,114.769,7.56718,107.202,4.78205,1.2612,1143.25,1166.58,1310.77,1365.38,1395.38,121.425,142.117,0,4.675
Accelerating,68,34,36.3738,1.02613,113.1,7.6362,105.464,4.7125,1.2727,1142.74,1166.07,1310.19,1364.78,1394.78,126.934,148.565,0,4.81667
Accelerating,69,34.5,36.8788,1.00995,111.505,7.7047,103.8,4.64603,1.28412,1142.27,1165.58,1309.64,1364.21,1394.21,132.44,155.01,0,4.95833
Accelerating,70,35,37.376,0.994429,109.978,7.77269,102.205,4.58241,1.29545,1141.81,1165.12,1309.12,1363.67,1393.67,138.106,161.641,0,5.10417
Accelerating,71,35.5,37.8658,0.979537,108.515,7.84019,100.675,4.52145,1.3067,1141.39,1164.68,1308.63,1363.16,1393.16,143.77,168.27,0,5.25
Accelerating,72,36,38.3484,0.965229,107.111,7.90722,99.2041,4.46297,1.31787,1140.98,1164.27,1308.17,1362.68,1392.68,149.593,175.086,0,5.4
Accelerating,73,36.5,38.8241,0.951465,105.763,7.9738,97.7895,4.4068,1.32897,1140.6,1163.88,1307.73,1362.22,1392.22,155.415,181.899,0,5.55
Accelerating,74,37,39.2932,0.938212,104.467,8.03993,96.4274,4.3528,1.33999,1140.24,1163.51,1307.31,1361.78,1391.78,161.396,188.9,0,5.70417
Accelerating,75,37.5,39.7559,0.925438,103.22,8.10564,95.1145,4.30084,1.35094,1139.89,1163.16,1306.92,1361.37,1391.37,167.375,195.898,0,5.85833
Accelerating,76,38,40.2125,0.913114,102.019,8.17093,93.8478,4.25078,1.36182,1139.56,1162.82,1306.54,1360.98,1390.98,173.514,203.083,0,6.01667
Accelerating,77,38.5,40.6631,0.901213,100.86,8.23582,92.6246,4.20252,1.37264,1139.25,1162.5,1306.18,1360.6,1390.6,179.651,210.266,0,6.175
Accelerating,78,39,41.108,0.88971,99.7428,8.30032,91.4425,4.15595,1.38339,1138.95,1162.19,1305.84,1360.25,1390.25,185.948,217.635,0,6.3375
Accelerating,79,39.5,41.5473,0.878584,98.6634,8.36444,90.299,4.11098,1.39407,1138.66,1161.9,1305.51,1359.91,1389.91,192.243,225.003,0,6.5
Accelerating,80,40,41.9812,0.867814,97.6202,8.4282,89.192,4.06751,1.4047,1138.39,1161.62,1305.2,1359.58,1389.58,198.698,232.559,0,6.66667
Accelerating,81,40.5,42.4098,0.85738,96.6112,8.49159,88.1196,4.02547,1.41527,1138.13,1161.36,1304.9,1359.27,1389.27,205.151,240.112,0,6.83333
Accelerating,82,41,42.8335,0.847265,95.6346,8.55464,87.08,3.98478,1.42577,1137.88,1161.1,1304.61,1358.97,1388.97,211.765,247.852,0,7.00417
Accelerating,83,41.5,43.2522,0.837452,94.6888,8.61734,86.0715,3.94537,1.43622,1137.64,1160.86,1304.33,1358.68,1388.68,218.377,255.591,0,7.175
Accelerating,84,42,43.6662,0.827926,93.7721,8.67971,85.0924,3.90717,1.44662,1137.41,1160.62,1304.07,1358.4,1388.4,225.148,263.516,0,7.35
Accelerating,85,42.5,44.0755,0.818673,92.8831,8.74176,84.1414,3.87013,1.45696,1137.19,1160.39,1303.81,1358.14,1388.14,231.919,271.44,0,7.525
Accelerating,86,43,44.4803,0.809679,92.0205,8.80348,83.217,3.83419,1.46725,1136.97,1160.18,1303.57,1357.89,1387.89,238.849,279.551,0,7.70417
Accelerating,87,43.5,44.8808,0.800933,91.183,8.8649,82.3181,3.79929,1.47748,1136.77,1159.97,1303.33,1357.64,1387.64,245.777,287.661,0,7.88333
Accelerating,88,44,45.277,0.792422,90.3694,8.92602,81.4434,3.76539,1.48767,1136.57,1159.77,1303.11,1357.4,1387.4,252.866,295.958,0,8.06667
Accelerating,89,44.5,45.6691,0.784136,89.5786,8.98683,80.5917,3.73244,1.49781,1136.38,1159.57,1302.89,1357.18,1387.18,259.954,304.253,0,8.25
Accelerating,90,45,46.0571,0.776064,88.8095,9.04736,79.7622,3.7004,1.50789,1136.2,1159.39,1302.68,1356.96,1386.96,267.201,312.735,0,8.4375
Accelerating,91,45.5,46.4412,0.768198,88.0613,9.1076,78.9537,3.66922,1.51793,1136.02,1159.21,1302.48,1356.75,1386.75,274.447,321.216,0,8.625
Accelerating,92,46,46.8215,0.760529,87.333,9.16756,78.1654,3.63887,1.52793,1135.85,1159.03,1302.28,1356.54,1386.54,281.853,329.884,0,8.81667
Accelerating,93,46.5,47.198,0.753047,86.6237,9.22724,77.3965,3.60932,1.53787,1135.69,1158.86,1302.09,1356.35,1386.35,289.258,338.551,0,9.00833
Accelerating,94,47,47.5709,0.745745,85.9327,9.28666,76.646,3.58053,1.54778,1135.53,1158.7,1301.91,1356.16,1386.16,296.823,347.405,0,9.20417
Accelerating,95,47.5,47.9402,0.738616,85.2591,9.34581,75.9133,3.55246,1.55764,1135.37,1158.54,1301.73,1355.97,1385.97,304.387,356.258,0,9.4
Accelerating,96,48,48.306,0.731652,84.6023,9.4047,75.1976,3.5251,1.56745,1135.22,1158.39,1301.56,1355.79,1385.79,312.11,365.298,0,9.6
Accelerating,97,48.5,48.6684,0.724848,83.9616,9.46334,74.4983,3.4984,1.57722,1135.08,1158.24,1301.4,1355.62,1385.62,319.833,374.336,0,9.8
Accelerating,98,49,49.0275,0.718197,83.3364,9.52172,73.8146,3.47235,1.58695,1134.94,1158.1,1301.24,1355.45,1385.45,327.715,383.562,0,10.0042
Accelerating,99,49.5,49.3834,0.711692,82.726,9.57986,73.1461,3.44692,1.59664,1134.8,1157.96,1301.08,1355.29,1385.29,335.597,392.787,0,10.2083
Accelerating,100,50,49.7361,0.705329,82.1299,9.63776,72.4921,3.42208,1.60629,1134.67,1157.83,1300.93,1355.14,1385.14,343.638,402.198,0,10.4167
Accelerating,101,50.5,50.0856,0.699101,81.5475,9.69542,71.8521,3.39781,1.6159,1134.54,1157.7,1300.78,1354.98,1384.98,351.679,411.609,0,10.625
Accelerating,102,51,50.4321,0.693005,80.9784,9.75284,71.2255,3.3741,1.62547,1134.42,1157.57,1300.64,1354.83,1384.83,359.879,421.207,0,10.8375
Accelerating,103,51.5,50.7756,0.687036,80.422,9.81003,70.612,3.35092,1.635,1134.3,1157.45,1300.5,1354.69,1384.69,368.079,430.804,0,11.05
Accelerating,104,52,51.1162,0.681187,79.8779,9.86699,70.0109,3.32825,1.6445,1134.18,1157.33,1300.37,1354.55,1384.55,376.438,440.587,0,11.2667
Accelerating,105,52.5,51.4539,0.675457,79.3457,9.92373,69.422,3.30607,1.65395,1134.07,1157.21,1300.24,1354.42,1384.42,384.796,450.37,0,11.4833
Accelerating,106,53,51.7889,0.66984,78.8249,9.98024,68.8446,3.28437,1.66337,1133.96,1157.1,1300.11,1354.28,1384.28,393.315,460.34,0,11.7042
Accelerating,107,53.5,52.121,0.664332,78.3151,10.0365,68.2786,3.26313,1.67276,1133.85,1156.99,1299.99,1354.16,1384.16,401.832,470.309,0,11.925
Accelerating,108,54,52.4505,0.65893,77.816,10.0926,67.7234,3.24233,1.6821,1133.75,1156.88,1299.87,1354.03,1384.03,410.51,480.465,0,12.15
Accelerating,109,54.5,52.7773,0.653631,77.3272,10.1485,67.1787,3.22197,1.69141,1133.65,1156.78,1299.75,1353.91,1383.91,419.186,490.621,0,12.375
Accelerating,110,55,53.1015,0.64843,76.8484,10.2041,66.6442,3.20202,1.70069,1133.55,1156.68,1299.64,1353.79,1383.79,428.023,500.963,0,12.6042
Accelerating,111,55.5,53.4232,0.643326,76.3792,10.2596,66.1196,3.18247,1.70993,1133.45,1156.58,1299.53,1353.68,1383.68,436.859,511.305,0,12.8333
Accelerating,112,56,53.7423,0.638314,75.9193,10.3148,65.6045,3.1633,1.71914,1133.36,1156.49,1299.42,1353.56,1383.56,445.854,521.833,0,13.0667
Accelerating,113,56.5,54.059,0.633391,75.4684,10.3699,65.0986,3.14452,1.72831,1133.26,1156.39,1299.32,1353.46,1383.46,454.849,532.361,0,13.3
Accelerating,114,57,54.3733,0.628556,75.0263,10.4247,64.6016,3.1261,1.73745,1133.18,1156.3,1299.21,1353.35,1383.35,464.004,543.076,0,13.5375
Accelerating,115,57.5,54.6852,0.623805,74.5927,10.4794,64.1133,3.10803,1.74656,1133.09,1156.21,1299.11,1353.24,1383.24,473.158,553.79,0,13.775
Accelerating,116,58,54.9948,0.619136,74.1672,10.5338,63.6334,3.0903,1.75564,1133,1156.13,1299.02,1353.14,1383.14,482.472,564.691,0,14.0167
Accelerating,117,58.5,55.3021,0.614546,73.7497,10.5881,63.1617,3.07291,1.76468,1132.92,1156.04,1298.92,1353.04,1383.04,491.785,575.591,0,14.2583
Accelerating,118,59,55.6071,0.610033,73.34,10.6421,62.6978,3.05583,1.77369,1132.84,1155.96,1298.83,1352.95,1382.95,501.258,586.679,0,14.5042
Accelerating,119,59.5,55.9099,0.605595,72.9377,10.696,62.2417,3.03907,1.78267,1132.76,1155.88,1298.74,1352.85,1382.85,510.731,597.765,0,14.75
Accelerating,120,60,56.2105,0.601229,72.5427,10.7497,61.7929,3.02261,1.79162,1132.68,1155.8,1298.65,1352.76,1382.76,520.363,609.039,0,15
Accelerating,121,60.5,56.509,0.596933,72.1547,10.8032,61.3515,3.00645,1.80054,1132.61,1155.72,1298.56,1352.67,1382.67,529.995,620.312,0,15.25
Accelerating,122,61,56.8053,0.592707,71.7736,10.8565,60.9171,2.99057,1.80942,1132.53,1155.65,1298.48,1352.58,1382.58,539.786,631.772,0,15.5042
Accelerating,123,61.5,57.0996,0.588546,71.3992,10.9097,60.4895,2.97496,1.81828,1132.46,1155.57,1298.4,1352.5,1382.5,549.577,643.232,0,15.7583
Accelerating,124,62,57.3918,0.584451,71.0312,10.9626,60.0685,2.95963,1.82711,1132.39,1155.5,1298.32,1352.41,1382.41,559.528,654.878,0,16.0167
Accelerating,125,62.5,57.682,0.580418,70.6695,11.0154,59.6541,2.94456,1.8359,1132.32,1155.43,1298.24,1352.33,1382.33,569.478,666.524,0,16.275
Accelerating,126,63,57.9702,0.576447,70.314,11.068,59.2459,2.92975,1.84467,1132.25,1155.36,1298.16,1352.25,1382.25,579.588,678.357,0,16.5375
Accelerating,127,63.5,58.2565,0.572535,69.9644,11.1205,58.8439,2.91518,1.85341,1132.19,1155.29,1298.08,1352.17,1382.17,589.697,690.189,0,16.8
Accelerating,128,64,58.5408,0.568682,69.6206,11.1727,58.4478,2.90086,1.86212,1132.12,1155.23,1298.01,1352.09,1382.09,599.967,702.208,0,17.0667
Accelerating,129,64.5,58.8233,0.564885,69.2824,11.2248,58.0576,2.88677,1.8708,1132.06,1155.16,1297.94,1352.02,1382.02,610.235,714.227,0,17.3333
Accelerating,130,65,59.1039,0.561143,68.9497,11.2768,57.673,2.87291,1.87946,1132,1155.1,1297.87,1351.94,1381.94,620.664,726.433,0,17.6042
Accelerating,131,65.5,59.3826,0.557454,68.6224,11.3285,57.2939,2.85927,1.88808,1131.94,1155.04,1297.8,1351.87,1381.87,631.092,738.638,0,17.875
Accelerating,132,66,59.6595,0.553819,68.3003,11.3801,56.9202,2.84585,1.89668,1131.88,1154.98,1297.73,1351.8,1381.8,641.68,751.03,0,18.15
Accelerating,133,66.5,59.9346,0.550234,67.9833,11.4315,56.5518,2.83264,1.90525,1131.82,1154.92,1297.66,1351.73,1381.73,652.267,763.421,0,18.425
Accelerating,134,67,60.208,0.546699,67.6713,11.4828,56.1885,2.81964,1.9138,1131.76,1154.86,1297.6,1351.66,1381.66,663.014,776,0,18.7042
Accelerating,135,67.5,60.4796,0.543212,67.364,11.5339,55.8301,2.80683,1.92231,1131.71,1154.8,1297.53,1351.6,1381.6,673.761,788.578,0,18.9833
Accelerating,136,68,60.7495,0.539773,67.0615,11.5848,55.4767,2.79423,1.9308,1131.65,1154.75,1297.47,1351.53,1381.53,684.667,801.343,0,19.2667
Accelerating,137,68.5,61.0176,0.53638,66.7636,11.6356,55.128,2.78182,1.93927,1131.6,1154.69,1297.41,1351.47,1381.47,695.573,814.107,0,19.55
Accelerating,138,69,61.2842,0.533033,66.4701,11.6862,54.7839,2.76959,1.9477,1131.55,1154.64,1297.35,1351.4,1381.4,706.639,827.059,0,19.8375
Accelerating,139,69.5,61.549,0.529729,66.1811,11.7367,54.4444,2.75754,1.95611,1131.49,1154.59,1297.29,1351.34,1381.34,717.704,840.01,0,20.125
Accelerating,140,70,61.8123,0.526469,65.8963,11.787,54.1093,2.74568,1.9645,1131.44,1154.53,1297.23,1351.28,1381.28,728.93,853.148,0,20.4167
Accelerating,141,70.5,62.0739,0.52325,65.6156,11.8371,53.7785,2.73398,1.97286,1131.39,1154.48,1297.17,1351.22,1381.22,740.154,866.285,0,20.7083
Accelerating,142,71,62.3339,0.520073,65.3391,11.8871,53.4519,2.72246,1.98119,1131.34,1154.43,1297.12,1351.16,1381.16,751.539,879.61,0,21.0042
Accelerating,143,71.5,62.5924,0.516936,65.0665,11.937,53.1295,2.7111,1.9895,1131.3,1154.38,1297.06,1351.11,1381.11,762.923,892.934,0,21.3
Accelerating,144,72,62.8493,0.513838,64.7978,11.9867,52.8111,2.69991,1.99778,1131.25,1154.34,1297.01,1351.05,1381.05,774.467,906.445,0,21.6
Accelerating,145,72.5,63.1047,0.510779,64.5329,12.0362,52.4967,2.68887,2.00604,1131.2,1154.29,1296.95,1350.99,1380.99,786.01,919.955,0,21.9
Accelerating,146,73,63.3586,0.507757,64.2718,12.0856,52.1862,2.67799,2.01427,1131.16,1154.24,1296.9,1350.94,1380.94,797.713,933.653,0,22.2042
Accelerating,147,73.5,63.611,0.504772,64.0142,12.1349,51.8794,2.66726,2.02248,1131.11,1154.2,1296.85,1350.89,1380.89,809.416,947.35,0,22.5083
Accelerating,148,74,63.8619,0.501823,63.7603,12.184,51.5763,2.65668,2.03066,1131.07,1154.15,1296.8,1350.83,1380.83,821.278,961.234,0,22.8167
Accelerating,149,74.5,64.1113,0.49891,63.5097,12.2329,51.2768,2.64624,2.03882,1131.03,1154.11,1296.75,1350.78,1380.78,833.141,975.118,0,23.125
Accelerating,150,75,64.3593,0.49603,63.2626,12.2817,50.9809,2.63594,2.04696,1130.98,1154.06,1296.7,1350.73,1380.73,845.163,989.188,0,23.4375
Accelerating,151,75.5,64.6059,0.493185,63.0188,12.3304,50.6884,2.62578,2.05507,1130.94,1154.02,1296.65,1350.68,1380.68,857.184,1003.26,0,23.75
Accelerating,152,76,64.8511,0.490372,62.7783,12.3789,50.3994,2.61576,2.06315,1130.9,1153.98,1296.61,1350.63,1380.63,869.365,1017.52,0,24.0667
Accelerating,153,76.5,65.0949,0.487592,62.5409,12.4273,50.1136,2.60587,2.07122,1130.86,1153.94,1296.56,1350.58,1380.58,881.546,1031.77,0,24.3833
Accelerating,154,77,65.3369,0.48396,62.2159,12.4755,49.7403,2.59233,2.07926,1129.16,1152.21,1294.62,1348.56,1378.56,893.887,1046.22,0,24.7042
Accelerating,155,77.5,65.5764,0.479017,61.7559,12.5236,49.2323,2.57316,2.08726,1124.92,1147.88,1289.76,1343.5,1373.5,906.209,1060.64,0,25.025
Accelerating,156,78,65.8135,0.474172,61.3056,12.5712,48.7344,2.5544,2.0952,1120.76,1143.63,1284.98,1338.52,1368.52,918.645,1075.19,0,25.35
Accelerating,157,78.5,66.0482,0.469422,60.8647,12.6185,48.2462,2.53603,2.10308,1116.67,1139.46,1280.29,1333.63,1363.63,931.034,1089.69,0,25.675
Accelerating,158,79,66.2806,0.464764,60.4329,12.6654,47.7674,2.51804,2.11091,1112.65,1135.35,1275.68,1328.83,1358.83,943.536,1104.33,0,26.0042
Accelerating,159,79.5,66.5107,0.460195,60.0099,12.712,47.2978,2.50041,2.11867,1108.69,1131.32,1271.15,1324.11,1354.11,955.994,1118.91,0,26.3333
Accelerating,160,80,66.7385,0.455712,59.5954,12.7583,46.8371,2.48314,2.12638,1104.81,1127.35,1266.69,1319.47,1349.47,968.564,1133.62,0,26.6667
Accelerating,161,80.5,66.9642,0.451313,59.1891,12.8042,46.3849,2.46621,2.13404,1100.99,1123.46,1262.31,1314.91,1344.91,981.09,1148.28,0,27
Accelerating,162,81,67.1877,0.446994,58.7909,12.8498,45.9411,2.44962,2.14164,1097.23,1119.62,1258,1310.42,1340.42,993.729,1163.07,0,27.3375
Accelerating,163,81.5,67.4091,0.442754,58.4004,12.8951,45.5053,2.43335,2.14918,1093.53,1115.85,1253.76,1306,1336,1006.32,1177.81,0,27.675
Accelerating,164,82,67.6284,0.438591,58.0175,12.94,45.0774,2.41739,2.15667,1089.9,1112.14,1249.59,1301.66,1331.66,1019.03,1192.69,0,28.0167
Accelerating,165,82.5,67.8456,0.434502,57.6418,12.9847,44.6571,2.40174,2.16411,1086.32,1108.49,1245.49,1297.39,1327.39,1031.7,1207.51,0,28.3583
Accelerating,166,83,68.0609,0.430484,57.2732,13.029,44.2442,2.38639,2.1715,1082.8,1104.89,1241.45,1293.18,1323.18,1044.48,1222.47,0,28.7042
Accelerating,167,83.5,68.2741,0.426537,56.9116,13.073,43.8385,2.37131,2.17884,1079.33,1101.36,1237.48,1289.04,1319.04,1057.21,1237.38,0,29.05
Accelerating,168,84,68.4855,0.422658,56.5566,13.1168,43.4398,2.35652,2.18613,1075.92,1097.87,1233.57,1284.97,1314.97,1070.06,1252.42,0,29.4
Accelerating,169,84.5,68.6949,0.418844,56.2081,13.1602,43.0479,2.342,2.19336,1072.56,1094.45,1229.71,1280.95,1310.95,1082.87,1267.41,0,29.75
Accelerating,170,85,68.9024,0.415095,55.8659,13.2033,42.6626,2.32774,2.20055,1069.25,1091.07,1225.92,1277,1307,1095.79,1282.53,0,30.1042
Accelerating,171,85.5,69.1081,0.411409,55.5298,13.2461,42.2837,2.31374,2.20769,1065.99,1087.74,1222.18,1273.11,1303.11,1108.67,1297.6,0,30.4583
Accelerating,172,86,69.312,0.407783,55.1997,13.2887,41.9111,2.29999,2.21478,1062.78,1084.47,1218.5,1269.28,1299.28,1121.67,1312.81,0,30.8167
Accelerating,173,86.5,69.5141,0.404217,54.8755,13.331,41.5445,2.28648,2.22183,1059.62,1081.24,1214.88,1265.5,1295.5,1134.62,1327.97,0,31.175
Accelerating,174,87,69.7145,0.400708,54.5568,13.373,41.1839,2.2732,2.22883,1056.5,1078.06,1211.31,1261.78,1291.78,1147.68,1343.26,0,31.5375
Accelerating,175,87.5,69.9131,0.397255,54.2437,13.4147,40.829,2.26015,2.23578,1053.43,1074.93,1207.78,1258.11,1288.11,1160.71,1358.51,0,31.9
Accelerating,176,88,70.11,0.393857,53.9359,13.4561,40.4798,2.24733,2.24269,1050.4,1071.84,1204.31,1254.49,1284.49,1173.85,1373.89,0,32.2667
Coasting,177,88.5,70.0444,-0.131325,0,13.4973,-13.4973,0,2.24955,0,0,0,0,30,1186.95,1389.22,0,32.6333
Coasting,178,89,69.9788,-0.131191,0,13.4836,-13.4836,0,2.24726,0,0,0,0,30,1186.95,1389.22,0,33.0042
Coasting,179,89.5,69.9133,-0.131058,0,13.4698,-13.4698,0,2.24497,0,0,0,0,30,1186.95,1389.22,0,33.375
Coasting,180,90,69.8478,-0.130925,0,13.4561,-13.4561,0,2.24269,0,0,0,0,30,1186.95,1389.22,0,33.75
Coasting,181,90.5,69.7824,-0.130792,0,13.4425,-13.4425,0,2.24041,0,0,0,0,30,1186.95,1389.22,0,34.125
Coasting,182,91,69.7171,-0.130659,0,13.4288,-13.4288,0,2.23814,0,0,0,0,30,1186.95,1389.22,0,34.5042
Coasting,183,91.5,69.6518,-0.130526,0,13.4152,-13.4152,0,2.23587,0,0,0,0,30,1186.95,1389.22,0,34.8833
Coasting,184,92,69.5866,-0.130394,0,13.4016,-13.4016,0,2.2336,0,0,0,0,30,1186.95,1389.22,0,35.2667
Coasting,185,92.5,69.5215,-0.130262,0,13.388,-13.388,0,2.23134,0,0,0,0,30,1186.95,1389.22,0,35.65
Coasting,186,93,69.4564,-0.13013,0,13.3745,-13.3745,0,2.22908,0,0,0,0,30,1186.95,1389.22,0,36.0375
Coasting,187,93.5,69.3914,-0.129998,0,13.361,-13.361,0,2.22683,0,0,0,0,30,1186.95,1389.22,0,36.425
Coasting,188,94,69.3265,-0.129867,0,13.3474,-13.3474,0,2.22457,0,0,0,0,30,1186.95,1389.22,0,36.8167
Coasting,189,94.5,69.2616,-0.129736,0,13.334,-13.334,0,2.22233,0,0,0,0,30,1186.95,1389.22,0,37.2083
Coasting,190,95,69.1968,-0.129605,0,13.3205,-13.3205,0,2.22008,0,0,0,0,30,1186.95,1389.22,0,37.6042
Coasting,191,95.5,69.1321,-0.129474,0,13.3071,-13.3071,0,2.21784,0,0,0,0,30,1186.95,1389.22,0,38
Coasting,192,96,69.0674,-0.129344,0,13.2936,-13.2936,0,2.21561,0,0,0,0,30,1186.95,1389.22,0,38.4
Coasting,193,96.5,69.0028,-0.129213,0,13.2803,-13.2803,0,2.21338,0,0,0,0,30,1186.95,1389.22,0,38.8
Coasting,194,97,68.9383,-0.129083,0,13.2669,-13.2669,0,2.21115,0,0,0,0,30,1186.95,1389.22,0,39.2042
Coasting,195,97.5,68.8738,-0.128953,0,13.2535,-13.2535,0,2.20892,0,0,0,0,30,1186.95,1389.22,0,39.6083
Coasting,196,98,68.8094,-0.128824,0,13.2402,-13.2402,0,2.2067,0,0,0,0,30,1186.95,1389.22,0,40.0167
Coasting,197,98.5,68.745,-0.128694,0,13.2269,-13.2269,0,2.20449,0,0,0,0,30,1186.95,1389.22,0,40.425
Coasting,198,99,68.6807,-0.128565,0,13.2136,-13.2136,0,2.20227,0,0,0,0,30,1186.95,1389.22,0,40.8375
Coasting,199,99.5,68.6165,-0.128436,0,13.2004,-13.2004,0,2.20006,0,0,0,0,30,1186.95,1389.22,0,41.25
Coasting,200,100,68.5524,-0.128307,0,13.1871,-13.1871,0,2.19786,0,0,0,0,30,1186.95,1389.22,0,41.6667
Coasting,201,100.5,68.4883,-0.128179,0,13.1739,-13.1739,0,2.19566,0,0,0,0,30,1186.95,1389.22,0,42.0833
Coasting,202,101,68.4242,-0.128051,0,13.1608,-13.1608,0,2.19346,0,0,0,0,30,1186.95,1389.22,0,42.5042
Coasting,203,101.5,68.3603,-0.127922,0,13.1476,-13.1476,0,2.19126,0,0,0,0,30,1186.95,1389.22,0,42.925
Coasting,204,102,68.2964,-0.127795,0,13.1344,-13.1344,0,2.18907,0,0,0,0,30,1186.95,1389.22,0,43.35
Coasting,205,102.5,68.2326,-0.127667,0,13.1213,-13.1213,0,2.18689,0,0,0,0,30,1186.95,1389.22,0,43.775
Coasting,206,103,68.1688,-0.127539,0,13.1082,-13.1082,0,2.1847,0,0,0,0,30,1186.95,1389.22,0,44.2042
Coasting,207,103.5,68.1051,-0.127412,0,13.0951,-13.0951,0,2.18252,0,0,0,0,30,1186.95,1389.22,0,44.6333
Coasting,208,104,68.0414,-0.127285,0,13.0821,-13.0821,0,2.18035,0,0,0,0,30,1186.95,1389.22,0,45.0667
Coasting,209,104.5,67.9779,-0.127158,0,13.0691,-13.0691,0,2.17818,0,0,0,0,30,1186.95,1389.22,0,45.5
Coasting,210,105,67.9143,-0.127032,0,13.056,-13.056,0,2.17601,0,0,0,0,30,1186.95,1389.22,0,45.9375
Coasting,211,105.5,67.8509,-0.126905,0,13.0431,-13.0431,0,2.17384,0,0,0,0,30,1186.95,1389.22,0,46.375
Coasting,212,106,67.7875,-0.126779,0,13.0301,-13.0301,0,2.17168,0,0,0,0,30,1186.95,1389.22,0,46.8167
Coasting,213,106.5,67.7242,-0.126653,0,13.0171,-13.0171,0,2.16952,0,0,0,0,30,1186.95,1389.22,0,47.2583
Coasting,214,107,67.6609,-0.126528,0,13.0042,-13.0042,0,2.16737,0,0,0,0,30,1186.95,1389.22,0,47.7042
Coasting,215,107.5,67.5977,-0.126402,0,12.9913,-12.9913,0,2.16522,0,0,0,0,30,1186.95,1389.22,0,48.15
Coasting,216,108,67.5346,-0.126277,0,12.9784,-12.9784,0,2.16307,0,0,0,0,30,1186.95,1389.22,0,48.6
Coasting,217,108.5,67.4715,-0.126152,0,12.9656,-12.9656,0,2.16093,0,0,0,0,30,1186.95,1389.22,0,49.05
Coasting,218,109,67.4085,-0.126027,0,12.9527,-12.9527,0,2.15879,0,0,0,0,30,1186.95,1389.22,0,49.5042
Coasting,219,109.5,67.3455,-0.125902,0,12.9399,-12.9399,0,2.15665,0,0,0,0,30,1186.95,1389.22,0,49.9583
Coasting,220,110,67.2826,-0.125778,0,12.9271,-12.9271,0,2.15452,0,0,0,0,30,1186.95,1389.22,0,50.4167
Coasting,221,110.5,67.2198,-0.125653,0,12.9144,-12.9144,0,2.15239,0,0,0,0,30,1186.95,1389.22,0,50.875
Coasting,222,111,67.1571,-0.125529,0,12.9016,-12.9016,0,2.15027,0,0,0,0,30,1186.95,1389.22,0,51.3375
Coasting,223,111.5,67.0943,-0.125405,0,12.8889,-12.8889,0,2.14815,0,0,0,0,30,1186.95,1389.22,0,51.8
Coasting,224,112,67.0317,-0.125282,0,12.8762,-12.8762,0,2.14603,0,0,0,0,30,1186.95,1389.22,0,52.2667
Coasting,225,112.5,66.9691,-0.125158,0,12.8635,-12.8635,0,2.14391,0,0,0,0,30,1186.95,1389.22,0,52.7333
Coasting,226,113,66.9066,-0.125035,0,12.8508,-12.8508,0,2.1418,0,0,0,0,30,1186.95,1389.22,0,53.2042
Coasting,227,113.5,66.8442,-0.124912,0,12.8382,-12.8382,0,2.1397,0,0,0,0,30,1186.95,1389.22,0,53.675
Coasting,228,114,66.7818,-0.124789,0,12.8256,-12.8256,0,2.13759,0,0,0,0,30,1186.95,1389.22,0,54.15
Coasting,229,114.5,66.7194,-0.124667,0,12.813,-12.813,0,2.13549,0,0,0,0,30,1186.95,1389.22,0,54.625
Coasting,230,115,66.6572,-0.124544,0,12.8004,-12.8004,0,2.1334,0,0,0,0,30,1186.95,1389.22,0,55.1042
Coasting,231,115.5,66.5949,-0.124422,0,12.7878,-12.7878,0,2.1313,0,0,0,0,30,1186.95,1389.22,0,55.5833
Coasting,232,116,66.5328,-0.1243,0,12.7753,-12.7753,0,2.12921,0,0,0,0,30,1186.95,1389.22,0,56.0667
Coasting,233,116.5,66.4707,-0.124178,0,12.7628,-12.7628,0,2.12713,0,0,0,0,30,1186.95,1389.22,0,56.55
Coasting,234,117,66.4087,-0.124057,0,12.7503,-12.7503,0,2.12504,0,0,0,0,30,1186.95,1389.22,0,57.0375
Coasting,235,117.5,66.3467,-0.123935,0,12.7378,-12.7378,0,2.12296,0,0,0,0,30,1186.95,1389.22,0,57.525
Coasting,236,118,66.2848,-0.123814,0,12.7253,-12.7253,0,2.12089,0,0,0,0,30,1186.95,1389.22,0,58.0167
Coasting,237,118.5,66.223,-0.123693,0,12.7129,-12.7129,0,2.11882,0,0,0,0,30,1186.95,1389.22,0,58.5083
Coasting,238,119,66.1612,-0.123572,0,12.7005,-12.7005,0,2.11675,0,0,0,0,30,1186.95,1389.22,0,59.0042
Coasting,239,119.5,66.0994,-0.123452,0,12.6881,-12.6881,0,2.11468,0,0,0,0,30,1186.95,1389.22,0,59.5
Coasting,240,120,66.0378,-0.123331,0,12.6757,-12.6757,0,2.11262,0,0,0,0,30,1186.95,1389.22,0,60
Coasting,241,120.5,65.9762,-0.123211,0,12.6634,-12.6634,0,2.11056,0,0,0,0,30,1186.95,1389.22,0,60.5
Coasting,242,121,65.9146,-0.123091,0,12.651,-12.651,0,2.1085,0,0,0,0,30,1186.95,1389.22,0,61.0042
Coasting,243,121.5,65.8531,-0.122971,0,12.6387,-12.6387,0,2.10645,0,0,0,0,30,1186.95,1389.22,0,61.5083
Coasting,244,122,65.7917,-0.122852,0,12.6264,-12.6264,0,2.1044,0,0,0,0,30,1186.95,1389.22,0,62.0167
Coasting,245,122.5,65.7303,-0.122732,0,12.6142,-12.6142,0,2.10236,0,0,0,0,30,1186.95,1389.22,0,62.525
Coasting,246,123,65.669,-0.122613,0,12.6019,-12.6019,0,2.10032,0,0,0,0,30,1186.95,1389.22,0,63.0375
Coasting,247,123.5,65.6078,-0.122494,0,12.5897,-12.5897,0,2.09828,0,0,0,0,30,1186.95,1389.22,0,63.55
Coasting,248,124,65.5466,-0.122375,0,12.5775,-12.5775,0,2.09624,0,0,0,0,30,1186.95,1389.22,0,64.0667
Coasting,249,124.5,65.4855,-0.122257,0,12.5653,-12.5653,0,2.09421,0,0,0,0,30,1186.95,1389.22,0,64.5833
Coasting,250,125,65.4244,-0.122138,0,12.5531,-12.5531,0,2.09218,0,0,0,0,30,1186.95,1389.22,0,65.1042
Coasting,251,125.5,65.3634,-0.12202,0,12.541,-12.541,0,2.09016,0,0,0,0,30,1186.95,1389.22,0,65.625
Coasting,252,126,65.3024,-0.121902,0,12.5288,-12.5288,0,2.08814,0,0,0,0,30,1186.95,1389.22,0,66.15
Coasting,253,126.5,65.2416,-0.121784,0,12.5167,-12.5167,0,2.08612,0,0,0,0,30,1186.95,1389.22,0,66.675
Coasting,254,127,65.1807,-0.121667,0,12.5046,-12.5046,0,2.0841,0,0,0,0,30,1186.95,1389.22,0,67.2042
Coasting,255,127.5,65.1199,-0.121549,0,12.4926,-12.4926,0,2.08209,0,0,0,0,30,1186.95,1389.22,0,67.7333
Coasting,256,128,65.0592,-0.121432,0,12.4805,-12.4805,0,2.08008,0,0,0,0,30,1186.95,1389.22,0,68.2667
Coasting,257,128.5,64.9986,-0.121315,0,12.4685,-12.4685,0,2.07808,0,0,0,0,30,1186.95,1389.22,0,68.8
Accelerating,258,129,65.2415,0.485928,62.3991,12.4565,49.9426,2.59996,2.07608,1130.84,1153.91,1296.53,1350.56,1380.56,1186.95,1389.22,0,69.3375
Accelerating,259,129.5,65.482,0.480959,61.9365,12.5046,49.4319,2.58069,2.0841,1126.59,1149.58,1291.67,1345.49,1375.49,1207.62,1413.42,0,69.875
Accelerating,260,130,65.7201,0.476076,61.4825,12.5524,48.93,2.56177,2.09207,1122.4,1145.3,1286.86,1340.48,1370.48,1228.38,1437.71,0,70.4167
Accelerating,261,130.5,65.9557,0.471289,61.0379,12.5998,48.438,2.54325,2.09997,1118.28,1141.1,1282.13,1335.56,1365.56,1249.06,1461.91,0,70.9583
Accelerating,262,131,66.189,0.466595,60.6025,12.6469,47.9556,2.5251,2.10782,1114.23,1136.97,1277.49,1330.72,1360.72,1269.82,1486.21,0,71.5042
Accelerating,263,131.5,66.42,0.461991,60.1761,12.6937,47.4824,2.50734,2.11561,1110.25,1132.91,1272.93,1325.97,1355.97,1290.51,1510.42,0,72.05
Accelerating,264,132,66.6487,0.457474,59.7582,12.7401,47.0182,2.48993,2.12334,1106.34,1128.91,1268.44,1321.29,1351.29,1311.28,1534.73,0,72.6
Accelerating,265,132.5,66.8753,0.453042,59.3487,12.7861,46.5626,2.47286,2.13102,1102.49,1124.99,1264.03,1316.7,1346.7,1331.97,1558.96,0,73.15
Accelerating,266,133,67.0996,0.448692,58.9474,12.8318,46.1155,2.45614,2.13864,1098.71,1121.13,1259.7,1312.18,1342.18,1352.75,1583.28,0,73.7042
Accelerating,267,133.5,67.3218,0.444421,58.5539,12.8772,45.6766,2.43974,2.14621,1094.99,1117.33,1255.43,1307.74,1337.74,1373.46,1607.52,0,74.2583
Accelerating,268,134,67.5419,0.440228,58.168,12.9223,45.2456,2.42367,2.15372,1091.33,1113.6,1251.23,1303.37,1333.37,1394.26,1631.86,0,74.8167
Accelerating,269,134.5,67.76,0.436109,57.7894,12.9671,44.8224,2.40789,2.16118,1087.73,1109.92,1247.11,1299.07,1329.07,1414.98,1656.12,0,75.375
Accelerating,270,135,67.976,0.432064,57.4181,13.0115,44.4066,2.39242,2.16859,1084.18,1106.31,1243.04,1294.84,1324.84,1435.8,1680.47,0,75.9375
Accelerating,271,135.5,68.1901,0.428089,57.0537,13.0557,43.9981,2.37724,2.17594,1080.69,1102.75,1239.04,1290.67,1320.67,1456.54,1704.75,0,76.5
Accelerating,272,136,68.4021,0.424183,56.6961,13.0995,43.5966,2.36234,2.18325,1077.26,1099.24,1235.11,1286.57,1316.57,1477.37,1729.13,0,77.0667
Accelerating,273,136.5,68.6123,0.420344,56.3451,13.143,43.202,2.34771,2.19051,1073.88,1095.8,1231.23,1282.53,1312.53,1498.13,1753.43,0,77.6333
Accelerating,274,137,68.8206,0.41657,56.0004,13.1863,42.8141,2.33335,2.19771,1070.55,1092.4,1227.41,1278.56,1308.56,1518.98,1777.84,0,78.2042
Accelerating,275,137.5,69.027,0.412859,55.6619,13.2292,42.4327,2.31925,2.20487,1067.27,1089.05,1223.66,1274.64,1304.64,1539.77,1802.16,0,78.775
Accelerating,276,138,69.2316,0.409209,55.3295,13.2719,42.0576,2.3054,2.21198,1064.04,1085.76,1219.95,1270.78,1300.78,1560.64,1826.59,0,79.35
Accelerating,277,138.5,69.4344,0.40562,55.003,13.3143,41.6887,2.29179,2.21905,1060.86,1082.51,1216.31,1266.98,1296.98,1581.45,1850.95,0,79.925
Accelerating,278,139,69.6355,0.402088,54.6821,13.3564,41.3257,2.27842,2.22606,1057.73,1079.31,1212.71,1263.24,1293.24,1602.35,1875.41,0,80.5042
Accelerating,279,139.5,69.8348,0.398614,54.3668,13.3982,40.9686,2.26528,2.23304,1054.64,1076.16,1209.17,1259.55,1289.55,1623.19,1899.8,0,81.0833
Accelerating,280,140,70.0324,0.395194,54.057,13.4398,40.6172,2.25237,2.23996,1051.59,1073.05,1205.68,1255.92,1285.92,1644.11,1924.29,0,81.6667
Coasting,281,140.5,69.9668,-0.131167,0,13.481,-13.481,0,2.24684,0,0,0,0,30,1664.98,1948.71,0,82.25
Coasting,282,141,69.9013,-0.131034,0,13.4673,-13.4673,0,2.24456,0,0,0,0,30,1664.98,1948.71,0,82.8375
Coasting,283,141.5,69.8358,-0.1309,0,13.4536,-13.4536,0,2.24227,0,0,0,0,30,1664.98,1948.71,0,83.425
Coasting,284,142,69.7705,-0.130767,0,13.44,-13.44,0,2.24,0,0,0,0,30,1664.98,1948.71,0,84.0167
Coasting,285,142.5,69.7051,-0.130635,0,13.4263,-13.4263,0,2.23772,0,0,0,0,30,1664.98,1948.71,0,84.6083
Coasting,286,143,69.6399,-0.130502,0,13.4127,-13.4127,0,2.23545,0,0,0,0,30,1664.98,1948.71,0,85.2042
Coasting,287,143.5,69.5747,-0.13037,0,13.3991,-13.3991,0,2.23319,0,0,0,0,30,1664.98,1948.71,0,85.8
Coasting,288,144,69.5096,-0.130238,0,13.3856,-13.3856,0,2.23093,0,0,0,0,30,1664.98,1948.71,0,86.4
Coasting,289,144.5,69.4445,-0.130106,0,13.372,-13.372,0,2.22867,0,0,0,0,30,1664.98,1948.71,0,87
Coasting,290,145,69.3795,-0.129974,0,13.3585,-13.3585,0,2.22641,0,0,0,0,30,1664.98,1948.71,0,87.6042
Coasting,291,145.5,69.3146,-0.129843,0,13.345,-13.345,0,2.22416,0,0,0,0,30,1664.98,1948.71,0,88.2083
Coasting,292,146,69.2498,-0.129712,0,13.3315,-13.3315,0,2.22192,0,0,0,0,30,1664.98,1948.71,0,88.8167
Coasting,293,146.5,69.185,-0.129581,0,13.318,-13.318,0,2.21967,0,0,0,0,30,1664.98,1948.71,0,89.425
Coasting,294,147,69.1203,-0.12945,0,13.3046,-13.3046,0,2.21744,0,0,0,0,30,1664.98,1948.71,0,90.0375
Coasting,295,147.5,69.0556,-0.12932,0,13.2912,-13.2912,0,2.2152,0,0,0,0,30,1664.98,1948.71,0,90.65
Coasting,296,148,68.991,-0.12919,0,13.2778,-13.2778,0,2.21297,0,0,0,0,30,1664.98,1948.71,0,91.2667
Coasting,297,148.5,68.9265,-0.129059,0,13.2644,-13.2644,0,2.21074,0,0,0,0,30,1664.98,1948.71,0,91.8833
Coasting,298,149,68.862,-0.12893,0,13.2511,-13.2511,0,2.20852,0,0,0,0,30,1664.98,1948.71,0,92.5042
Coasting,299,149.5,68.7976,-0.1288,0,13.2378,-13.2378,0,2.2063,0,0,0,0,30,1664.98,1948.71,0,93.125
Coasting,300,150,68.7333,-0.128671,0,13.2245,-13.2245,0,2.20408,0,0,0,0,30,1664.98,1948.71,0,93.75
Coasting,301,150.5,68.669,-0.128542,0,13.2112,-13.2112,0,2.20187,0,0,0,0,30,1664.98,1948.71,0,94.375
Coasting,302,151,68.6048,-0.128413,0,13.198,-13.198,0,2.19966,0,0,0,0,30,1664.98,1948.71,0,95.0042
Coasting,303,151.5,68.5407,-0.128284,0,13.1847,-13.1847,0,2.19746,0,0,0,0,30,1664.98,1948.71,0,95.6333
Coasting,304,152,68.4766,-0.128155,0,13.1715,-13.1715,0,2.19525,0,0,0,0,30,1664.98,1948.71,0,96.2667
Coasting,305,152.5,68.4126,-0.128027,0,13.1583,-13.1583,0,2.19306,0,0,0,0,30,1664.98,1948.71,0,96.9
Coasting,306,153,68.3486,-0.127899,0,13.1452,-13.1452,0,2.19086,0,0,0,0,30,1664.98,1948.71,0,97.5375
Coasting,307,153.5,68.2847,-0.127771,0,13.132,-13.132,0,2.18867,0,0,0,0,30,1664.98,1948.71,0,98.175
Coasting,308,154,68.2209,-0.127644,0,13.1189,-13.1189,0,2.18649,0,0,0,0,30,1664.98,1948.71,0,98.8167
Coasting,309,154.5,68.1571,-0.127516,0,13.1058,-13.1058,0,2.1843,0,0,0,0,30,1664.98,1948.71,0,99.4583
Coasting,310,155,68.0935,-0.127389,0,13.0928,-13.0928,0,2.18213,0,0,0,0,30,1664.98,1948.71,0,100.104
Coasting,311,155.5,68.0298,-0.127262,0,13.0797,-13.0797,0,2.17995,0,0,0,0,30,1664.98,1948.71,0,100.75
Coasting,312,156,67.9663,-0.127135,0,13.0667,-13.0667,0,2.17778,0,0,0,0,30,1664.98,1948.71,0,101.4
Coasting,313,156.5,67.9027,-0.127009,0,13.0537,-13.0537,0,2.17561,0,0,0,0,30,1664.98,1948.71,0,102.05
Coasting,314,157,67.8393,-0.126882,0,13.0407,-13.0407,0,2.17345,0,0,0,0,30,1664.98,1948.71,0,102.704
Coasting,315,157.5,67.7759,-0.126756,0,13.0277,-13.0277,0,2.17129,0,0,0,0,30,1664.98,1948.71,0,103.358
Coasting,316,158,67.7126,-0.12663,0,13.0148,-13.0148,0,2.16913,0,0,0,0,30,1664.98,1948.71,0,104.017
Coasting,317,158.5,67.6494,-0.126505,0,13.0019,-13.0019,0,2.16698,0,0,0,0,30,1664.98,1948.71,0,104.675
Coasting,318,159,67.5862,-0.126379,0,12.989,-12.989,0,2.16483,0,0,0,0,30,1664.98,1948.71,0,105.337
Coasting,319,159.5,67.523,-0.126254,0,12.9761,-12.9761,0,2.16268,0,0,0,0,30,1664.98,1948.71,0,106
Coasting,320,160,67.46,-0.126129,0,12.9632,-12.9632,0,2.16054,0,0,0,0,30,1664.98,1948.71,0,106.667
Coasting,321,160.5,67.397,-0.126004,0,12.9504,-12.9504,0,2.1584,0,0,0,0,30,1664.98,1948.71,0,107.333
Coasting,322,161,67.334,-0.125879,0,12.9376,-12.9376,0,2.15627,0,0,0,0,30,1664.98,1948.71,0,108.004
Coasting,323,161.5,67.2712,-0.125755,0,12.9248,-12.9248,0,2.15413,0,0,0,0,30,1664.98,1948.71,0,108.675
Coasting,324,162,67.2083,-0.125631,0,12.912,-12.912,0,2.15201,0,0,0,0,30,1664.98,1948.71,0,109.35
Coasting,325,162.5,67.1456,-0.125507,0,12.8993,-12.8993,0,2.14988,0,0,0,0,30,1664.98,1948.71,0,110.025
Coasting,326,163,67.0829,-0.125383,0,12.8866,-12.8866,0,2.14776,0,0,0,0,30,1664.98,1948.71,0,110.704
Coasting,327,163.5,67.0203,-0.125259,0,12.8739,-12.8739,0,2.14564,0,0,0,0,30,1664.98,1948.71,0,111.383
Coasting,328,164,66.9577,-0.125136,0,12.8612,-12.8612,0,2.14353,0,0,0,0,30,1664.98,1948.71,0,112.067
Coasting,329,164.5,66.8952,-0.125013,0,12.8485,-12.8485,0,2.14142,0,0,0,0,30,1664.98,1948.71,0,112.75
Coasting,330,165,66.8328,-0.12489,0,12.8359,-12.8359,0,2.13931,0,0,0,0,30,1664.98,1948.71,0,113.437
Coasting,331,165.5,66.7704,-0.124767,0,12.8233,-12.8233,0,2.13721,0,0,0,0,30,1664.98,1948.71,0,114.125
Coasting,332,166,66.708,-0.124644,0,12.8107,-12.8107,0,2.13511,0,0,0,0,30,1664.98,1948.71,0,114.817
Coasting,333,166.5,66.6458,-0.124522,0,12.7981,-12.7981,0,2.13301,0,0,0,0,30,1664.98,1948.71,0,115.508
Coasting,334,167,66.5836,-0.1244,0,12.7855,-12.7855,0,2.13092,0,0,0,0,30,1664.98,1948.71,0,116.204
Coasting,335,167.5,66.5214,-0.124278,0,12.773,-12.773,0,2.12883,0,0,0,0,30,1664.98,1948.71,0,116.9
Coasting,336,168,66.4594,-0.124156,0,12.7605,-12.7605,0,2.12674,0,0,0,0,30,1664.98,1948.71,0,117.6
Coasting,337,168.5,66.3974,-0.124034,0,12.748,-12.748,0,2.12466,0,0,0,0,30,1664.98,1948.71,0,118.3
Coasting,338,169,66.3354,-0.123913,0,12.7355,-12.7355,0,2.12258,0,0,0,0,30,1664.98,1948.71,0,119.004
Coasting,339,169.5,66.2735,-0.123792,0,12.7231,-12.7231,0,2.12051,0,0,0,0,30,1664.98,1948.71,0,119.708
Coasting,340,170,66.2117,-0.123671,0,12.7106,-12.7106,0,2.11844,0,0,0,0,30,1664.98,1948.71,0,120.417
Coasting,341,170.5,66.1499,-0.12355,0,12.6982,-12.6982,0,2.11637,0,0,0,0,30,1664.98,1948.71,0,121.125
Coasting,342,171,66.0882,-0.12343,0,12.6858,-12.6858,0,2.1143,0,0,0,0,30,1664.98,1948.71,0,121.837
Coasting,343,171.5,66.0265,-0.123309,0,12.6735,-12.6735,0,2.11224,0,0,0,0,30,1664.98,1948.71,0,122.55
Coasting,344,172,65.9649,-0.123189,0,12.6611,-12.6611,0,2.11018,0,0,0,0,30,1664.98,1948.71,0,123.267
Coasting,345,172.5,65.9034,-0.123069,0,12.6488,-12.6488,0,2.10813,0,0,0,0,30,1664.98,1948.71,0,123.983
Coasting,346,173,65.8419,-0.122949,0,12.6365,-12.6365,0,2.10608,0,0,0,0,30,1664.98,1948.71,0,124.704
Coasting,347,173.5,65.7805,-0.12283,0,12.6242,-12.6242,0,2.10403,0,0,0,0,30,1664.98,1948.71,0,125.425
Coasting,348,174,65.7191,-0.122711,0,12.6119,-12.6119,0,2.10199,0,0,0,0,30,1664.98,1948.71,0,126.15
Coasting,349,174.5,65.6579,-0.122591,0,12.5997,-12.5997,0,2.09994,0,0,0,0,30,1664.98,1948.71,0,126.875
Coasting,350,175,65.5966,-0.122472,0,12.5874,-12.5874,0,2.09791,0,0,0,0,30,1664.98,1948.71,0,127.604
Coasting,351,175.5,65.5354,-0.122354,0,12.5752,-12.5752,0,2.09587,0,0,0,0,30,1664.98,1948.71,0,128.333
Coasting,352,176,65.4743,-0.122235,0,12.563,-12.563,0,2.09384,0,0,0,0,30,1664.98,1948.71,0,129.067
Coasting,353,176.5,65.4133,-0.122117,0,12.5509,-12.5509,0,2.09181,0,0,0,0,30,1664.98,1948.71,0,129.8
Coasting,354,177,65.3523,-0.121999,0,12.5387,-12.5387,0,2.08979,0,0,0,0,30,1664.98,1948.71,0,130.537
Coasting,355,177.5,65.2913,-0.121881,0,12.5266,-12.5266,0,2.08777,0,0,0,0,30,1664.98,1948.71,0,131.275
Coasting,356,178,65.2304,-0.121763,0,12.5145,-12.5145,0,2.08575,0,0,0,0,30,1664.98,1948.71,0,132.017
Coasting,357,178.5,65.1696,-0.121645,0,12.5024,-12.5024,0,2.08374,0,0,0,0,30,1664.98,1948.71,0,132.758
Coasting,358,179,65.1089,-0.121528,0,12.4904,-12.4904,0,2.08173,0,0,0,0,30,1664.98,1948.71,0,133.504
Coasting,359,179.5,65.0481,-0.121411,0,12.4783,-12.4783,0,2.07972,0,0,0,0,30,1664.98,1948.71,0,134.25
Coasting,360,180,64.9875,-0.121294,0,12.4663,-12.4663,0,2.07771,0,0,0,0,30,1664.98,1948.71,0,135
Accelerating,361,180.5,65.2305,0.486053,62.4097,12.4543,49.9554,2.6004,2.07571,1130.84,1153.92,1296.54,1350.56,1380.56,1664.98,1948.71,0,135.75
Accelerating,362,181,65.4711,0.481184,61.9575,12.5024,49.455,2.58156,2.08374,1126.78,1149.78,1291.89,1345.72,1375.72,1693.99,1982.66,0,136.504
Accelerating,363,181.5,65.7093,0.476296,61.5029,12.5502,48.9527,2.56262,2.09171,1122.59,1145.5,1287.08,1340.7,1370.7,1722.89,2016.49,0,137.258
Accelerating,364,182,65.945,0.471505,61.0579,12.5977,48.4602,2.54408,2.09962,1118.46,1141.29,1282.35,1335.78,1365.78,1751.85,2050.38,0,138.017
Accelerating,365,182.5,66.1784,0.466807,60.6221,12.6448,47.9774,2.52592,2.10747,1114.41,1137.15,1277.7,1330.94,1360.94,1780.7,2084.15,0,138.775
Accelerating,366,183,66.4095,0.462199,60.1953,12.6915,47.5037,2.50814,2.11526,1110.43,1133.09,1273.13,1326.18,1356.18,1809.6,2117.98,0,139.537
Accelerating,367,183.5,66.6384,0.457678,59.7771,12.738,47.0391,2.49071,2.12299,1106.51,1129.09,1268.65,1321.51,1351.51,1838.4,2151.68,0,140.3
Accelerating,368,184,66.865,0.453242,59.3672,12.784,46.5832,2.47363,2.13067,1102.66,1125.17,1264.23,1316.91,1346.91,1867.25,2185.45,0,141.067
Accelerating,369,184.5,67.0894,0.448888,58.9655,12.8298,46.1357,2.4569,2.13829,1098.88,1121.3,1259.89,1312.39,1342.39,1896.01,2219.11,0,141.833
Accelerating,370,185,67.3117,0.444614,58.5716,12.8752,45.6964,2.44048,2.14586,1095.15,1117.5,1255.62,1307.94,1337.94,1924.82,2252.83,0,142.604
Accelerating,371,185.5,67.5319,0.440417,58.1854,12.9203,45.2651,2.42439,2.15338,1091.49,1113.77,1251.42,1303.57,1333.57,1953.53,2286.44,0,143.375
Accelerating,372,186,67.7501,0.436295,57.8065,12.965,44.8415,2.40861,2.16084,1087.89,1110.09,1247.29,1299.26,1329.26,1982.3,2320.11,0,144.15
Accelerating,373,186.5,67.9662,0.432247,57.4349,13.0095,44.4254,2.39312,2.16825,1084.34,1106.47,1243.23,1295.03,1325.03,2010.98,2353.68,0,144.925
Accelerating,374,187,68.1803,0.428269,57.0702,13.0537,44.0165,2.37792,2.17561,1080.85,1102.91,1239.22,1290.86,1320.86,2039.72,2387.31,0,145.704
Accelerating,375,187.5,68.3925,0.42436,56.7123,13.0975,43.6147,2.36301,2.18292,1077.42,1099.4,1235.28,1286.75,1316.75,2068.36,2420.84,0,146.483
Accelerating,376,188,68.6028,0.420517,56.3609,13.1411,43.2198,2.34837,2.19018,1074.03,1095.95,1231.41,1282.71,1312.71,2097.07,2454.44,0,147.267
Accelerating,377,188.5,68.8112,0.41674,56.016,13.1843,42.8316,2.334,2.19739,1070.7,1092.55,1227.59,1278.74,1308.74,2125.69,2487.93,0,148.05
Accelerating,378,189,69.0177,0.413026,55.6772,13.2273,42.4499,2.31988,2.20455,1067.42,1089.2,1223.83,1274.82,1304.82,2154.37,2521.5,0,148.837
Accelerating,379,189.5,69.2224,0.409374,55.3445,13.27,42.0746,2.30602,2.21166,1064.19,1085.91,1220.12,1270.96,1300.96,2182.96,2554.96,0,149.625
Accelerating,380,190,69.4252,0.405782,55.0177,13.3124,41.7054,2.2924,2.21873,1061.01,1082.66,1216.47,1267.16,1297.16,2211.61,2588.5,0,150.417
Accelerating,381,190.5,69.6264,0.402248,54.6966,13.3545,41.3421,2.27903,2.22575,1057.87,1079.46,1212.87,1263.41,1293.41,2240.18,2621.94,0,151.208
Accelerating,382,191,69.8258,0.398771,54.3811,13.3963,40.9848,2.26588,2.23272,1054.78,1076.3,1209.33,1259.72,1289.72,2268.82,2655.45,0,152.004
Accelerating,383,191.5,70.0234,0.395349,54.071,13.4379,40.6331,2.25296,2.23965,1051.73,1073.2,1205.84,1256.08,1286.08,2297.37,2688.87,0,152.8
Coasting,384,192,69.9579,-0.131149,0,13.4792,-13.4792,0,2.24653,0,0,0,0,30,2325.99,2722.37,0,153.6
Coasting,385,192.5,69.8924,-0.131015,0,13.4655,-13.4655,0,2.24424,0,0,0,0,30,2325.99,2722.37,0,154.4
Coasting,386,193,69.8269,-0.130882,0,13.4518,-13.4518,0,2.24196,0,0,0,0,30,2325.99,2722.37,0,155.204
Coasting,387,193.5,69.7615,-0.130749,0,13.4381,-13.4381,0,2.23969,0,0,0,0,30,2325.99,2722.37,0,156.008
Coasting,388,194,69.6962,-0.130617,0,13.4245,-13.4245,0,2.23741,0,0,0,0,30,2325.99,2722.37,0,156.817
Coasting,389,194.5,69.631,-0.130484,0,13.4109,-13.4109,0,2.23514,0,0,0,0,30,2325.99,2722.37,0,157.625
Coasting,390,195,69.5658,-0.130352,0,13.3973,-13.3973,0,2.23288,0,0,0,0,30,2325.99,2722.37,0,158.437
Coasting,391,195.5,69.5007,-0.13022,0,13.3837,-13.3837,0,2.23062,0,0,0,0,30,2325.99,2722.37,0,159.25
Coasting,392,196,69.4357,-0.130088,0,13.3702,-13.3702,0,2.22836,0,0,0,0,30,2325.99,2722.37,0,160.067
Coasting,393,196.5,69.3707,-0.129956,0,13.3566,-13.3566,0,2.22611,0,0,0,0,30,2325.99,2722.37,0,160.883
Coasting,394,197,69.3058,-0.129825,0,13.3431,-13.3431,0,2.22386,0,0,0,0,30,2325.99,2722.37,0,161.704
Coasting,395,197.5,69.2409,-0.129694,0,13.3297,-13.3297,0,2.22161,0,0,0,0,30,2325.99,2722.37,0,162.525
Coasting,396,198,69.1761,-0.129563,0,13.3162,-13.3162,0,2.21937,0,0,0,0,30,2325.99,2722.37,0,163.35
Coasting,397,198.5,69.1114,-0.129432,0,13.3028,-13.3028,0,2.21713,0,0,0,0,30,2325.99,2722.37,0,164.175
Coasting,398,199,69.0468,-0.129302,0,13.2894,-13.2894,0,2.2149,0,0,0,0,30,2325.99,2722.37,0,165.004
Coasting,399,199.5,68.9822,-0.129172,0,13.276,-13.276,0,2.21266,0,0,0,0,30,2325.99,2722.37,0,165.833
Coasting,400,200,68.9177,-0.129042,0,13.2626,-13.2626,0,2.21044,0,0,0,0,30,2325.99,2722.37,0,166.667
Coasting,401,200.5,68.8532,-0.128912,0,13.2493,-13.2493,0,2.20821,0,0,0,0,30,2325.99,2722.37,0,167.5
Coasting,402,201,68.7888,-0.128782,0,13.236,-13.236,0,2.20599,0,0,0,0,30,2325.99,2722.37,0,168.337
Coasting,403,201.5,68.7245,-0.128653,0,13.2227,-13.2227,0,2.20378,0,0,0,0,30,2325.99,2722.37,0,169.175
Coasting,404,202,68.6602,-0.128524,0,13.2094,-13.2094,0,2.20157,0,0,0,0,30,2325.99,2722.37,0,170.017
Coasting,405,202.5,68.596,-0.128395,0,13.1962,-13.1962,0,2.19936,0,0,0,0,30,2325.99,2722.37,0,170.858
Coasting,406,203,68.5319,-0.128266,0,13.1829,-13.1829,0,2.19715,0,0,0,0,30,2325.99,2722.37,0,171.704
Coasting,407,203.5,68.4678,-0.128138,0,13.1697,-13.1697,0,2.19495,0,0,0,0,30,2325.99,2722.37,0,172.55
Coasting,408,204,68.4038,-0.12801,0,13.1565,-13.1565,0,2.19276,0,0,0,0,30,2325.99,2722.37,0,173.4
Coasting,409,204.5,68.3399,-0.127882,0,13.1434,-13.1434,0,2.19056,0,0,0,0,30,2325.99,2722.37,0,174.25
Coasting,410,205,68.276,-0.127754,0,13.1302,-13.1302,0,2.18837,0,0,0,0,30,2325.99,2722.37,0,175.104
Coasting,411,205.5,68.2122,-0.127626,0,13.1171,-13.1171,0,2.18619,0,0,0,0,30,2325.99,2722.37,0,175.958
Coasting,412,206,68.1484,-0.127499,0,13.104,-13.104,0,2.18401,0,0,0,0,30,2325.99,2722.37,0,176.817
Coasting,413,206.5,68.0848,-0.127372,0,13.091,-13.091,0,2.18183,0,0,0,0,30,2325.99,2722.37,0,177.675
Coasting,414,207,68.0211,-0.127245,0,13.0779,-13.0779,0,2.17965,0,0,0,0,30,2325.99,2722.37,0,178.537
Coasting,415,207.5,67.9576,-0.127118,0,13.0649,-13.0649,0,2.17748,0,0,0,0,30,2325.99,2722.37,0,179.4
Coasting,416,208,67.8941,-0.126991,0,13.0519,-13.0519,0,2.17532,0,0,0,0,30,2325.99,2722.37,0,180.267
Coasting,417,208.5,67.8306,-0.126865,0,13.0389,-13.0389,0,2.17315,0,0,0,0,30,2325.99,2722.37,0,181.133
Coasting,418,209,67.7673,-0.126739,0,13.026,-13.026,0,2.17099,0,0,0,0,30,2325.99,2722.37,0,182.004
Coasting,419,209.5,67.704,-0.126613,0,13.013,-13.013,0,2.16884,0,0,0,0,30,2325.99,2722.37,0,182.875
Coasting,420,210,67.6407,-0.126487,0,13.0001,-13.0001,0,2.16668,0,0,0,0,30,2325.99,2722.37,0,183.75
Coasting,421,210.5,67.5775,-0.126362,0,12.9872,-12.9872,0,2.16453,0,0,0,0,30,2325.99,2722.37,0,184.625
Coasting,422,211,67.5144,-0.126237,0,12.9743,-12.9743,0,2.16239,0,0,0,0,30,2325.99,2722.37,0,185.504
Coasting,423,211.5,67.4514,-0.126112,0,12.9615,-12.9615,0,2.16025,0,0,0,0,30,2325.99,2722.37,0,186.383
Coasting,424,212,67.3884,-0.125987,0,12.9486,-12.9486,0,2.15811,0,0,0,0,30,2325.99,2722.37,0,187.267
Coasting,425,212.5,67.3254,-0.125862,0,12.9358,-12.9358,0,2.15597,0,0,0,0,30,2325.99,2722.37,0,188.15
Coasting,426,213,67.2626,-0.125738,0,12.9231,-12.9231,0,2.15384,0,0,0,0,30,2325.99,2722.37,0,189.037
Coasting,427,213.5,67.1998,-0.125614,0,12.9103,-12.9103,0,2.15172,0,0,0,0,30,2325.99,2722.37,0,189.925
Coasting,428,214,67.137,-0.12549,0,12.8975,-12.8975,0,2.14959,0,0,0,0,30,2325.99,2722.37,0,190.817
Coasting,429,214.5,67.0743,-0.125366,0,12.8848,-12.8848,0,2.14747,0,0,0,0,30,2325.99,2722.37,0,191.708
Coasting,430,215,67.0117,-0.125242,0,12.8721,-12.8721,0,2.14535,0,0,0,0,30,2325.99,2722.37,0,192.604
Coasting,431,215.5,66.9492,-0.125119,0,12.8594,-12.8594,0,2.14324,0,0,0,0,30,2325.99,2722.37,0,193.5
Coasting,432,216,66.8867,-0.124996,0,12.8468,-12.8468,0,2.14113,0,0,0,0,30,2325.99,2722.37,0,194.4
Coasting,433,216.5,66.8242,-0.124873,0,12.8341,-12.8341,0,2.13902,0,0,0,0,30,2325.99,2722.37,0,195.3
Coasting,434,217,66.7619,-0.12475,0,12.8215,-12.8215,0,2.13692,0,0,0,0,30,2325.99,2722.37,0,196.204
Coasting,435,217.5,66.6995,-0.124627,0,12.8089,-12.8089,0,2.13482,0,0,0,0,30,2325.99,2722.37,0,197.108
Coasting,436,218,66.6373,-0.124505,0,12.7964,-12.7964,0,2.13273,0,0,0,0,30,2325.99,2722.37,0,198.017
Coasting,437,218.5,66.5751,-0.124383,0,12.7838,-12.7838,0,2.13063,0,0,0,0,30,2325.99,2722.37,0,198.925
Coasting,438,219,66.513,-0.124261,0,12.7713,-12.7713,0,2.12855,0,0,0,0,30,2325.99,2722.37,0,199.837
Coasting,439,219.5,66.4509,-0.124139,0,12.7588,-12.7588,0,2.12646,0,0,0,0,30,2325.99,2722.37,0,200.75
Coasting,440,220,66.3889,-0.124018,0,12.7463,-12.7463,0,2.12438,0,0,0,0,30,2325.99,2722.37,0,201.667
Coasting,441,220.5,66.3269,-0.123896,0,12.7338,-12.7338,0,2.1223,0,0,0,0,30,2325.99,2722.37,0,202.583
Coasting,442,221,66.2651,-0.123775,0,12.7214,-12.7214,0,2.12023,0,0,0,0,30,2325.99,2722.37,0,203.504
Coasting,443,221.5,66.2032,-0.123654,0,12.7089,-12.7089,0,2.11815,0,0,0,0,30,2325.99,2722.37,0,204.425
Coasting,444,222,66.1415,-0.123534,0,12.6965,-12.6965,0,2.11609,0,0,0,0,30,2325.99,2722.37,0,205.35
Coasting,445,222.5,66.0797,-0.123413,0,12.6841,-12.6841,0,2.11402,0,0,0,0,30,2325.99,2722.37,0,206.275
Coasting,446,223,66.0181,-0.123293,0,12.6718,-12.6718,0,2.11196,0,0,0,0,30,2325.99,2722.37,0,207.204
Coasting,447,223.5,65.9565,-0.123173,0,12.6594,-12.6594,0,2.1099,0,0,0,0,30,2325.99,2722.37,0,208.133
Coasting,448,224,65.895,-0.123053,0,12.6471,-12.6471,0,2.10785,0,0,0,0,30,2325.99,2722.37,0,209.067
Coasting,449,224.5,65.8335,-0.122933,0,12.6348,-12.6348,0,2.1058,0,0,0,0,30,2325.99,2722.37,0,210
Coasting,450,225,65.7721,-0.122814,0,12.6225,-12.6225,0,2.10375,0,0,0,0,30,2325.99,2722.37,0,210.937
Coasting,451,225.5,65.7108,-0.122694,0,12.6102,-12.6102,0,2.10171,0,0,0,0,30,2325.99,2722.37,0,211.875
Coasting,452,226,65.6495,-0.122575,0,12.598,-12.598,0,2.09967,0,0,0,0,30,2325.99,2722.37,0,212.817
Coasting,453,226.5,65.5883,-0.122456,0,12.5858,-12.5858,0,2.09763,0,0,0,0,30,2325.99,2722.37,0,213.758
Coasting,454,227,65.5271,-0.122337,0,12.5736,-12.5736,0,2.09559,0,0,0,0,30,2325.99,2722.37,0,214.704
Coasting,455,227.5,65.466,-0.122219,0,12.5614,-12.5614,0,2.09356,0,0,0,0,30,2325.99,2722.37,0,215.65
Coasting,456,228,65.4049,-0.122101,0,12.5492,-12.5492,0,2.09154,0,0,0,0,30,2325.99,2722.37,0,216.6
Coasting,457,228.5,65.3439,-0.121982,0,12.5371,-12.5371,0,2.08951,0,0,0,0,30,2325.99,2722.37,0,217.55
Coasting,458,229,65.283,-0.121864,0,12.525,-12.525,0,2.08749,0,0,0,0,30,2325.99,2722.37,0,218.504
Coasting,459,229.5,65.2221,-0.121747,0,12.5129,-12.5129,0,2.08548,0,0,0,0,30,2325.99,2722.37,0,219.458
Coasting,460,230,65.1613,-0.121629,0,12.5008,-12.5008,0,2.08346,0,0,0,0,30,2325.99,2722.37,0,220.417
Coasting,461,230.5,65.1006,-0.121512,0,12.4887,-12.4887,0,2.08145,0,0,0,0,30,2325.99,2722.37,0,221.375
Coasting,462,231,65.0399,-0.121395,0,12.4767,-12.4767,0,2.07944,0,0,0,0,30,2325.99,2722.37,0,222.337
Coasting,463,231.5,64.9792,-0.121278,0,12.4646,-12.4646,0,2.07744,0,0,0,0,30,2325.99,2722.37,0,223.3
Braking,464,232,64.556,-0.846424,-86.9936,12.4526,-86.9936,-3.62473,2.07544,1559.99,1591.83,1788.57,1863.09,1893.09,2325.99,2722.37,0,224.267
Braking,465,232.5,64.13,-0.851973,-87.5639,12.3691,-87.5639,-3.6485,2.06152,1559.85,1591.69,1788.41,1862.93,1892.93,2325.99,2722.37,60.033,225.233
Braking,466,233,63.7012,-0.857633,-88.1456,12.2854,-88.1456,-3.67273,2.04757,1559.72,1591.55,1788.26,1862.77,1892.77,2325.99,2722.37,120.319,226.204
Braking,467,233.5,63.2695,-0.863406,-88.7389,12.2016,-88.7389,-3.69746,2.03359,1559.57,1591.4,1788.09,1862.6,1892.6,2325.99,2722.37,180.601,227.175
Braking,468,234,62.8349,-0.869297,-89.3444,12.1176,-89.3444,-3.72268,2.0196,1559.43,1591.25,1787.93,1862.42,1892.42,2325.99,2722.37,241.135,228.15
Braking,469,234.5,62.3972,-0.87531,-89.9625,12.0334,-89.9625,-3.74844,2.00557,1559.28,1591.1,1787.75,1862.24,1892.24,2325.99,2722.37,301.664,229.125
Braking,470,235,61.9565,-0.88145,-90.5935,11.9491,-90.5935,-3.77473,1.99152,1559.13,1590.94,1787.58,1862.06,1892.06,2325.99,2722.37,362.445,230.104
Braking,471,235.5,61.5126,-0.88772,-91.2379,11.8647,-91.2379,-3.80158,1.97745,1558.97,1590.78,1787.4,1861.87,1891.87,2325.99,2722.37,423.221,231.083
Braking,472,236,61.0656,-0.894126,-91.8962,11.7801,-91.8962,-3.82901,1.96334,1558.8,1590.62,1787.21,1861.68,1891.68,2325.99,2722.37,484.249,232.067
Braking,473,236.5,60.6152,-0.900671,-92.569,11.6953,-92.569,-3.85704,1.94921,1558.64,1590.45,1787.02,1861.48,1891.48,2325.99,2722.37,545.271,233.05
Braking,474,237,60.1615,-0.907363,-93.2567,11.6103,-93.2567,-3.8857,1.93505,1558.46,1590.27,1786.82,1861.27,1891.27,2325.99,2722.37,606.544,234.037
Braking,475,237.5,59.7044,-0.914205,-93.96,11.5252,-93.96,-3.915,1.92086,1558.29,1590.09,1786.62,1861.06,1891.06,2325.99,2722.37,667.811,235.025
Braking,476,238,59.2438,-0.921205,-94.6794,11.4399,-94.6794,-3.94497,1.90665,1558.1,1589.9,1786.4,1860.84,1890.84,2325.99,2722.37,729.329,236.017
Braking,477,238.5,58.7796,-0.928367,-95.4155,11.3544,-95.4155,-3.97564,1.8924,1557.91,1589.71,1786.19,1860.61,1890.61,2325.99,2722.37,790.84,237.008
Braking,478,239,58.3118,-0.935698,-96.169,11.2687,-96.169,-4.00704,1.87812,1557.72,1589.51,1785.96,1860.38,1890.38,2325.99,2722.37,852.602,238.004
Braking,479,239.5,57.8402,-0.943205,-96.9406,11.1829,-96.9406,-4.03919,1.86381,1557.52,1589.3,1785.73,1860.14,1890.14,2325.99,2722.37,914.357,239
Braking,480,240,57.3647,-0.950896,-97.731,11.0968,-97.731,-4.07212,1.84947,1557.31,1589.09,1785.5,1859.89,1889.89,2325.99,2722.37,976.361,240
Braking,481,240.5,56.8854,-0.958777,-98.541,11.0105,-98.541,-4.10587,1.83509,1557.09,1588.87,1785.25,1859.63,1889.63,2325.99,2722.37,1038.36,241
Braking,482,241,56.4019,-0.966857,-99.3714,10.9241,-99.3714,-4.14048,1.82068,1556.87,1588.64,1784.99,1859.37,1889.37,2325.99,2722.37,1100.6,242.004
Braking,483,241.5,55.9144,-0.975144,-100.223,10.8374,-100.223,-4.17596,1.80623,1556.64,1588.41,1784.73,1859.09,1889.09,2325.99,2722.37,1162.84,243.008
Braking,484,242,55.4225,-0.983647,-101.097,10.7505,-101.097,-4.21238,1.79175,1556.4,1588.17,1784.46,1858.81,1888.81,2325.99,2722.37,1225.33,244.017
Braking,485,242.5,54.9263,-0.992376,-101.994,10.6634,-101.994,-4.24976,1.77723,1556.16,1587.92,1784.18,1858.52,1888.52,2325.99,2722.37,1287.8,245.025
Braking,486,243,54.4263,-1,-102.778,10.5761,-102.778,-4.28241,1.76268,1553.84,1585.55,1781.52,1855.75,1885.75,2325.99,2722.37,1350.53,246.037
Braking,487,243.5,53.9263,-1,-102.778,10.4886,-102.778,-4.28241,1.7481,1539.56,1570.98,1765.15,1838.7,1868.7,2325.99,2722.37,1413.16,247.05
Braking,488,244,53.4263,-1,-102.778,10.4017,-102.778,-4.28241,1.73362,1525.29,1556.42,1748.78,1821.65,1851.65,2325.99,2722.37,1475.47,248.067
Braking,489,244.5,52.9263,-1,-102.778,10.3154,-102.778,-4.28241,1.71923,1511.01,1541.85,1732.42,1804.6,1834.6,2325.99,2722.37,1537.21,249.083
Braking,490,245,52.4263,-1,-102.778,10.2296,-102.778,-4.28241,1.70493,1496.74,1527.29,1716.05,1787.55,1817.55,2325.99,2722.37,1598.61,250.104
Braking,491,245.5,51.9263,-1,-102.778,10.1444,-102.778,-4.28241,1.69073,1482.47,1512.72,1699.69,1770.51,1800.51,2325.99,2722.37,1659.44,251.125
Braking,492,246,51.4263,-1,-102.778,10.0597,-102.778,-4.28241,1.67662,1468.19,1498.15,1683.32,1753.46,1783.46,2325.99,2722.37,1719.93,252.15
Braking,493,246.5,50.9263,-1,-102.778,9.97561,-102.778,-4.28241,1.6626,1453.92,1483.59,1666.95,1736.41,1766.41,2325.99,2722.37,1779.84,253.175
Braking,494,247,50.4263,-1,-102.778,9.89206,-102.778,-4.28241,1.64868,1439.64,1469.02,1650.59,1719.36,1749.36,2325.99,2722.37,1839.41,254.204
Braking,495,247.5,49.9263,-1,-102.778,9.80907,-102.778,-4.28241,1.63485,1425.37,1454.46,1634.22,1702.31,1732.31,2325.99,2722.37,1898.39,255.233
Braking,496,248,49.4263,-1,-102.778,9.72664,-102.778,-4.28241,1.62111,1411.09,1439.89,1617.85,1685.26,1715.26,2325.99,2722.37,1957.03,256.267
Braking,497,248.5,48.9263,-1,-102.778,9.64477,-102.778,-4.28241,1.60746,1396.82,1425.32,1601.49,1668.22,1698.22,2325.99,2722.37,2015.08,257.3
Braking,498,249,48.4263,-1,-102.778,9.56345,-102.778,-4.28241,1.59391,1382.54,1410.76,1585.12,1651.17,1681.17,2325.99,2722.37,2072.77,258.337
Braking,499,249.5,47.9263,-1,-102.778,9.48269,-102.778,-4.28241,1.58045,1368.27,1396.19,1568.75,1634.12,1664.12,2325.99,2722.37,2129.87,259.375
Braking,500,250,47.4263,-1,-102.778,9.40249,-102.778,-4.28241,1.56708,1353.99,1381.63,1552.39,1617.07,1647.07,2325.99,2722.37,2186.61,260.417
Braking,501,250.5,46.9263,-1,-102.778,9.32284,-102.778,-4.28241,1.55381,1339.72,1367.06,1536.02,1600.02,1630.02,2325.99,2722.37,2242.76,261.458
Braking,502,251,46.4263,-1,-102.778,9.24376,-102.778,-4.28241,1.54063,1325.44,1352.49,1519.66,1582.97,1612.97,2325.99,2722.37,2298.54,262.504
Braking,503,251.5,45.9263,-1,-102.778,9.16523,-102.778,-4.28241,1.52754,1311.17,1337.93,1503.29,1565.93,1595.93,2325.99,2722.37,2353.72,263.55
Braking,504,252,45.4263,-1,-102.778,9.08726,-102.778,-4.28241,1.51454,1296.89,1323.36,1486.92,1548.88,1578.88,2325.99,2722.37,2408.53,264.6
Braking,505,252.5,44.9263,-1,-102.778,9.00984,-102.778,-4.28241,1.50164,1282.62,1308.8,1470.56,1531.83,1561.83,2325.99,2722.37,2462.74,265.65
Braking,506,253,44.4263,-1,-102.778,8.93299,-102.778,-4.28241,1.48883,1268.34,1294.23,1454.19,1514.78,1544.78,2325.99,2722.37,2516.57,266.704
Braking,507,253.5,43.9263,-1,-102.778,8.85669,-102.778,-4.28241,1.47611,1254.07,1279.66,1437.82,1497.73,1527.73,2325.99,2722.37,2569.8,267.758
Braking,508,254,43.4263,-1,-102.778,8.78095,-102.778,-4.28241,1.46349,1239.8,1265.1,1421.46,1480.69,1510.69,2325.99,2722.37,2622.63,268.817
Braking,509,254.5,42.9263,-1,-102.778,8.70576,-102.778,-4.28241,1.45096,1225.52,1250.53,1405.09,1463.64,1493.64,2325.99,2722.37,2674.87,269.875
Braking,510,255,42.4263,-1,-102.778,8.63114,-102.778,-4.28241,1.43852,1211.25,1235.97,1388.73,1446.59,1476.59,2325.99,2722.37,2726.7,270.937
Braking,511,255.5,41.9263,-1,-102.778,8.55707,-102.778,-4.28241,1.42618,1196.97,1221.4,1372.36,1429.54,1459.54,2325.99,2722.37,2777.94,272
Braking,512,256,41.4263,-1,-102.778,8.48356,-102.778,-4.28241,1.41393,1182.7,1206.83,1355.99,1412.49,1442.49,2325.99,2722.37,2828.77,273.067
Braking,513,256.5,40.9263,-1,-102.778,8.41061,-102.778,-4.28241,1.40177,1168.42,1192.27,1339.63,1395.44,1425.44,2325.99,2722.37,2878.99,274.133
Braking,514,257,40.4263,-1,-102.778,8.33821,-102.778,-4.28241,1.3897,1154.15,1177.7,1323.26,1378.4,1408.4,2325.99,2722.37,2928.8,275.204
Braking,515,257.5,39.9263,-1,-102.778,8.26637,-102.778,-4.28241,1.37773,1139.87,1163.14,1306.89,1361.35,1391.35,2325.99,2722.37,2978,276.275
Braking,516,258,39.4263,-1,-102.778,8.19509,-102.778,-4.28241,1.36585,1125.6,1148.57,1290.53,1344.3,1374.3,2325.99,2722.37,3026.78,277.35
Braking,517,258.5,38.9263,-1,-102.778,8.12437,-102.778,-4.28241,1.35406,1111.32,1134,1274.16,1327.25,1357.25,2325.99,2722.37,3074.95,278.425
Braking,518,259,38.4263,-1,-102.778,8.05421,-102.778,-4.28241,1.34237,1097.05,1119.44,1257.79,1310.2,1340.2,2325.99,2722.37,3122.69,279.504
Braking,519,259.5,37.9263,-1,-102.778,7.9846,-102.778,-4.28241,1.33077,1082.77,1104.87,1241.43,1293.15,1323.15,2325.99,2722.37,3169.83,280.583
Braking,520,260,37.4263,-1,-102.778,7.91555,-102.778,-4.28241,1.31926,1068.5,1090.31,1225.06,1276.11,1306.11,2325.99,2722.37,3216.52,281.667
Braking,521,260.5,36.9263,-1,-102.778,7.84706,-102.778,-4.28241,1.30784,1054.22,1075.74,1208.7,1259.06,1289.06,2325.99,2722.37,3262.6,282.75
Braking,522,261,36.4263,-1,-102.778,7.77912,-102.778,-4.28241,1.29652,1039.95,1061.17,1192.33,1242.01,1272.01,2325.99,2722.37,3308.25,283.837
Braking,523,261.5,35.9263,-1,-102.778,7.71175,-102.778,-4.28241,1.28529,1025.68,1046.61,1175.96,1224.96,1254.96,2325.99,2722.37,3353.27,284.925
Braking,524,262,35.4263,-1,-102.778,7.64493,-102.778,-4.28241,1.27415,1011.4,1032.04,1159.6,1207.91,1237.91,2325.99,2722.37,3397.84,286.017
Braking,525,262.5,34.9263,-1,-102.778,7.57867,-102.778,-4.28241,1.26311,997.126,1017.48,1143.23,1190.87,1220.87,2325.99,2722.37,3441.8,287.108
Braking,526,263,34.4263,-1,-102.778,7.51296,-102.778,-4.28241,1.25216,982.851,1002.91,1126.86,1173.82,1203.82,2325.99,2722.37,3485.3,288.204
Braking,527,263.5,33.9263,-1,-102.778,7.44782,-102.778,-4.28241,1.2413,968.576,988.343,1110.5,1156.77,1186.77,2325.99,2722.37,3528.17,289.3
Braking,528,264,33.4263,-1,-102.778,7.38323,-102.778,-4.28241,1.23054,954.302,973.777,1094.13,1139.72,1169.72,2325.99,2722.37,3570.59,290.4
Braking,529,264.5,32.9263,-1,-102.778,7.3192,-102.778,-4.28241,1.21987,940.027,959.211,1077.77,1122.67,1152.67,2325.99,2722.37,3612.38,291.5
Braking,530,265,32.4263,-1,-102.778,7.25572,-102.778,-4.28241,1.20929,925.752,944.645,1061.4,1105.62,1135.62,2325.99,2722.37,3653.7,292.604
Braking,531,265.5,31.9263,-1,-102.778,7.19281,-102.778,-4.28241,1.1988,911.478,930.079,1045.03,1088.58,1118.58,2325.99,2722.37,3694.39,293.708
Braking,532,266,31.4263,-1,-102.778,7.13045,-102.778,-4.28241,1.18841,897.203,915.513,1028.67,1071.53,1101.53,2325.99,2722.37,3734.61,294.817
Braking,533,266.5,30.9263,-1,-102.778,7.06865,-102.778,-4.28241,1.17811,882.928,900.947,1012.3,1054.48,1084.48,2325.99,2722.37,3774.2,295.925
Braking,534,267,30.4263,-1,-102.778,7.00741,-102.778,-4.28241,1.1679,868.654,886.381,995.934,1037.43,1067.43,2325.99,2722.37,3813.3,297.037
Braking,535,267.5,29.9263,-1,-102.778,6.94672,-102.778,-4.28241,1.15779,854.379,871.815,979.568,1020.38,1050.38,2325.99,2722.37,3851.77,298.15
Braking,536,268,29.4263,-1,-102.778,6.8866,-102.778,-4.28241,1.14777,840.104,857.249,963.201,1003.33,1033.33,2325.99,2722.37,3889.75,299.267
Braking,537,268.5,28.9263,-1,-102.778,6.82703,-102.778,-4.28241,1.13784,825.829,842.683,946.835,986.286,1016.29,2325.99,2722.37,3927.1,300.383
Braking,538,269,28.4263,-1,-102.778,6.76801,-102.778,-4.28241,1.128,811.555,828.117,930.469,969.238,999.238,2325.99,2722.37,3963.95,301.504
Braking,539,269.5,27.9263,-1,-102.778,6.70956,-102.778,-4.28241,1.11826,797.28,813.551,914.102,952.19,982.19,2325.99,2722.37,4000.16,302.625
Braking,540,270,27.4263,-1,-102.778,6.65166,-102.778,-4.28241,1.10861,783.005,798.985,897.736,935.142,965.142,2325.99,2722.37,4035.87,303.75
Braking,541,270.5,26.9263,-1,-102.778,6.59432,-102.778,-4.28241,1.09905,768.731,784.419,881.37,918.093,948.093,2325.99,2722.37,4070.93,304.875
Braking,542,271,26.4263,-1,-102.778,6.53754,-102.778,-4.28241,1.08959,754.456,769.853,865.003,901.045,931.045,2325.99,2722.37,4105.49,306.004
Braking,543,271.5,25.9263,-1,-102.778,6.48132,-102.778,-4.28241,1.08022,740.181,755.287,848.637,883.997,913.997,2325.99,2722.37,4139.4,307.133
Braking,544,272,25.4263,-1,-102.778,6.42565,-102.778,-4.28241,1.07094,725.907,740.721,832.271,866.949,896.949,2325.99,2722.37,4172.8,308.267
Braking,545,272.5,24.9263,-1,-102.778,6.37054,-102.778,-4.28241,1.06176,711.632,726.155,815.904,849.901,879.901,2325.99,2722.37,4205.55,309.4
Braking,546,273,24.4263,-1,-102.778,6.31599,-102.778,-4.28241,1.05266,697.357,711.589,799.538,832.852,862.852,2325.99,2722.37,4237.78,310.537
Braking,547,273.5,23.9263,-1,-102.778,6.26199,-102.778,-4.28241,1.04367,683.083,697.023,783.172,815.804,845.804,2325.99,2722.37,4269.36,311.675
Braking,548,274,23.4263,-1,-102.778,6.20856,-102.778,-4.28241,1.03476,668.808,682.457,766.806,798.756,828.756,2325.99,2722.37,4300.4,312.817
Braking,549,274.5,22.9263,-1,-102.778,6.15568,-102.778,-4.28241,1.02595,654.533,667.891,750.439,781.708,811.708,2325.99,2722.37,4330.8,313.958
Braking,550,275,22.4263,-1,-102.778,6.10336,-102.778,-4.28241,1.01723,640.258,653.325,734.073,764.659,794.659,2325.99,2722.37,4360.66,315.104
Braking,551,275.5,21.9263,-1,-102.778,6.0516,-102.778,-4.28241,1.0086,625.984,638.759,717.707,747.611,777.611,2325.99,2722.37,4389.86,316.25
Braking,552,276,21.4263,-1,-102.778,6.00039,-102.778,-4.28241,1.00007,611.709,624.193,701.34,730.563,760.563,2325.99,2722.37,4418.52,317.4
Braking,553,276.5,20.9263,-1,-102.778,5.94974,-102.778,-4.28241,0.991624,597.434,609.627,684.974,713.515,743.515,2325.99,2722.37,4446.53,318.55
Braking,554,277,20.4263,-1,-102.778,5.89965,-102.778,-4.28241,0.983275,583.16,595.061,668.608,696.466,726.466,2325.99,2722.37,4473.98,319.704
Braking,555,277.5,19.9263,-1,-102.778,5.85012,-102.778,-4.28241,0.97502,568.885,580.495,652.241,679.418,709.418,2325.99,2722.37,4500.77,320.858
Braking,556,278,19.4263,-1,-102.778,5.80114,-102.778,-4.28241,0.966857,554.61,565.929,635.875,662.37,692.37,2325.99,2722.37,4527,322.017
Braking,557,278.5,18.9263,-1,-102.778,5.75273,-102.778,-4.28241,0.958788,540.336,551.363,619.509,645.322,675.322,2325.99,2722.37,4552.58,323.175
Braking,558,279,18.4263,-1,-102.778,5.70487,-102.778,-4.28241,0.950811,526.061,536.797,603.143,628.273,658.273,2325.99,2722.37,4577.58,324.337
Braking,559,279.5,17.9263,-1,-102.778,5.65756,-102.778,-4.28241,0.942927,511.786,522.231,586.776,611.225,641.225,2325.99,2722.37,4601.93,325.5
Braking,560,280,17.4263,-1,-102.778,5.61082,-102.778,-4.28241,0.935136,497.512,507.665,570.41,594.177,624.177,2325.99,2722.37,4625.7,326.667
Braking,561,280.5,16.9263,-1,-102.778,5.56463,-102.778,-4.28241,0.927439,483.237,493.099,554.044,577.129,607.129,2325.99,2722.37,4648.81,327.833
Braking,562,281,16.4263,-1,-102.778,5.519,-102.778,-4.28241,0.919834,468.962,478.533,537.677,560.081,590.081,2325.99,2722.37,4671.33,329.004
Braking,563,281.5,15.9263,-1,-102.778,5.47393,-102.778,-4.28241,0.912322,454.687,463.967,521.311,543.032,573.032,2325.99,2722.37,4693.19,330.175
Braking,564,282,15.4263,-1,-102.778,5.42942,-102.778,-4.28241,0.904903,440.413,449.401,504.945,525.984,555.984,2325.99,2722.37,4714.46,331.35
Braking,565,282.5,14.9263,-1,-102.778,5.38546,-102.778,-4.28241,0.897577,426.138,434.835,488.578,508.936,538.936,2325.99,2722.37,4735.06,332.525
Braking,566,283,14.4263,-1,-102.778,5.34206,-102.778,-4.28241,0.890343,411.863,420.269,472.212,491.888,521.888,2325.99,2722.37,4755.06,333.704
Braking,567,283.5,13.9263,-1,-102.778,5.29922,-102.778,-4.28241,0.883203,397.589,405.703,455.846,474.839,504.839,2325.99,2722.37,4774.4,334.883
Braking,568,284,13.4263,-1,-102.778,5.25694,-102.778,-4.28241,0.876156,383.314,391.137,439.479,457.791,487.791,2325.99,2722.37,4793.13,336.067
Braking,569,284.5,12.9263,-1,-102.778,5.21521,-102.778,-4.28241,0.869202,369.039,376.571,423.113,440.743,470.743,2325.99,2722.37,4811.18,337.25
Braking,570,285,12.4263,-1,-102.778,5.17404,-102.778,-4.28241,0.86234,354.765,362.005,406.747,423.695,453.695,2325.99,2722.37,4828.63,338.437
Braking,571,285.5,11.9263,-1,-102.778,5.13343,-102.778,-4.28241,0.855572,340.49,347.439,390.381,406.646,436.646,2325.99,2722.37,4845.4,339.625
Braking,572,286,11.4263,-1,-102.778,5.09338,-102.778,-4.28241,0.848896,326.215,332.873,374.014,389.598,419.598,2325.99,2722.37,4861.55,340.817
Braking,573,286.5,10.9263,-1,-102.778,5.05388,-102.778,-4.28241,0.842314,311.941,318.307,357.648,372.55,402.55,2325.99,2722.37,4877.03,342.008
Braking,574,287,10.4263,-1,-102.778,5.01494,-102.778,-4.28241,0.835824,297.666,303.741,341.282,355.502,385.502,2325.99,2722.37,4891.88,343.204
Braking,575,287.5,9.92635,-1,-102.778,4.97656,-102.778,-4.28241,0.829427,283.391,289.175,324.915,338.453,368.453,2325.99,2722.37,4906.05,344.4
Braking,576,288,9.42635,-1,-102.778,4.93874,-102.778,-4.28241,0.823123,269.116,274.609,308.549,321.405,351.405,2325.99,2722.37,4919.59,345.6
Braking,577,288.5,8.92635,-1,-102.778,4.90147,-102.778,-4.28241,0.816912,254.842,260.043,292.183,304.357,334.357,2325.99,2722.37,4932.45,346.8
Braking,578,289,8.42635,-1,-102.778,4.86477,-102.778,-4.28241,0.810795,240.567,245.477,275.816,287.309,317.309,2325.99,2722.37,4944.66,348.004
Braking,579,289.5,7.92635,-1,-102.778,4.82862,-102.778,-4.28241,0.80477,226.292,230.911,259.45,270.26,300.26,2325.99,2722.37,4956.19,349.208
Braking,580,290,7.42635,-1,-102.778,4.79303,-102.778,-4.28241,0.798838,212.018,216.345,243.084,253.212,283.212,2325.99,2722.37,4967.08,350.417
Braking,581,290.5,6.92635,-1,-102.778,4.75799,-102.778,-4.28241,0.792998,197.743,201.779,226.717,236.164,266.164,2325.99,2722.37,4977.28,351.625
Braking,582,291,6.42635,-1,-102.778,4.72351,-102.778,-4.28241,0.787252,183.468,187.213,210.351,219.116,249.116,2325.99,2722.37,4986.82,352.837
Braking,583,291.5,5.92635,-1,-102.778,4.68959,-102.778,-4.28241,0.781599,169.194,172.647,193.985,202.068,232.068,2325.99,2722.37,4995.68,354.05
Braking,584,292,5.42635,-1,-102.778,4.65623,-102.778,-4.28241,0.776039,154.919,158.08,177.619,185.019,215.019,2325.99,2722.37,5003.87,355.267
Braking,585,292.5,4.92635,-1,-102.778,4.62343,-102.778,-4.28241,0.770571,140.644,143.514,161.252,167.971,197.971,2325.99,2722.37,5011.38,356.483
Braking,586,293,4.42635,-1,-102.778,4.59118,-102.778,-4.28241,0.765197,126.37,128.948,144.886,150.923,180.923,2325.99,2722.37,5018.21,357.704
Braking,587,293.5,3.92635,-1,-102.778,4.55949,-102.778,-4.28241,0.759915,112.095,114.382,128.52,133.875,163.875,2325.99,2722.37,5024.36,358.925
Braking,588,294,3.42635,-1,-102.778,4.52836,-102.778,-4.28241,0.754727,97.8201,99.8164,112.153,116.826,146.826,2325.99,2722.37,5029.82,360.15
Braking,589,294.5,2.92635,-1,-102.778,4.49779,-102.778,-4.28241,0.749631,83.5454,85.2504,95.787,99.7781,129.778,2325.99,2722.37,5034.59,361.375
Braking,590,295,2.42635,-1,-102.778,4.46777,-102.778,-4.28241,0.744629,69.2707,70.6844,79.4207,82.7299,112.73,2325.99,2722.37,5038.68,362.604
Braking,591,295.5,1.92635,-1,-102.778,4.43831,-102.778,-4.28241,0.739719,54.996,56.1184,63.0544,65.6817,95.6817,2325.99,2722.37,5042.07,363.833
Braking,592,296,1.42635,-1,-102.778,4.40941,-102.778,-4.28241,0.734902,40.7213,41.5524,46.6881,48.6334,78.6334,2325.99,2722.37,5044.77,365.067
Braking,593,296.5,0.926348,-1,-102.778,4.38107,-102.778,-4.28241,0.730178,26.4467,26.9864,30.3218,31.5852,61.5852,2325.99,2722.37,5046.77,366.3
Braking,594,297,0.426348,-1,-102.778,4.35328,-102.778,-4.28241,0.725547,12.172,12.4204,13.9555,14.537,44.537,2325.99,2722.37,5048.07,367.537
Stopped,595,297,0,0,-102.778,13.1037,-102.778,-4.28241,0.725547,12.172,12.4204,13.9555,14.537,44.537,2325.99,2722.37,5048.67,367.537
