Phase,Iteration,Time,Total time,Distance,TotalDistance,Speed,Acceleration,F Motor,F Res,F Total,F Motor/TM,F Res/TM,Torque,RPM,P_motor Out,P_motor In,P_vvvf, P_catenary,Catenary current,VVVF current
Starting,1,0,0,0,0,0,0,1,14.6993,13.1031,-15.6782,0.612469,5.06292,2.10689,2433.59,536.932,547.889,615.606,641.256,671.256,447.504,427.504
Accelerating,2,0.5,0,0.125,0,0.5,0.5,1,110.881,4.30275,97.7778,4.62004,2.18386,15.8929,9.25319,15.4001,15.7144,17.6566,18.3923,48.3923,32.2616,12.2616
Accelerating,3,0.5,0.5,0.625,0.125,0.5,1,1.08973,110.881,4.3295,106.551,4.62004,0.721584,15.8929,18.5064,30.8003,31.4288,35.3133,36.7847,66.7847,44.5231,24.5231
Accelerating,4,0.458829,1,1.11471,0.75,0.458829,1.5,1.08945,110.881,4.35681,106.524,4.62004,0.726135,15.8929,27.7596,46.2004,47.1433,52.9699,55.177,85.177,56.7847,36.7847
Accelerating,5,0.458947,1.45883,1.61474,1.86471,0.458947,2,1.08917,110.881,4.38468,106.496,4.62004,0.73078,15.8929,37.0128,61.6005,62.8577,70.6266,73.5694,103.569,69.0462,49.0462
Accelerating,6,0.459067,1.91778,2.11477,3.47944,0.459067,2.5,1.08888,110.881,4.4131,106.468,4.62004,0.735517,15.8929,46.266,77.0006,78.5721,88.2832,91.9617,121.962,81.3078,61.3078
Accelerating,7,0.459189,2.37684,2.6148,5.59421,0.459189,3,1.08858,110.881,4.44209,106.439,4.62004,0.740348,15.8929,55.5192,92.4008,94.2865,105.94,110.354,140.354,93.5694,73.5694
Accelerating,8,0.459314,2.83603,3.11483,8.20901,0.459314,3.5,1.08828,110.881,4.47163,106.409,4.62004,0.745271,15.8929,64.7724,107.801,110.001,123.597,128.746,158.746,105.831,85.8309
Accelerating,9,0.459442,3.29535,3.61486,11.3238,0.459442,4,1.08797,110.881,4.50173,106.379,4.62004,0.750288,15.8929,74.0256,123.201,125.715,141.253,147.139,177.139,118.092,98.0925
Accelerating,10,0.459572,3.75479,4.11489,14.9387,0.459572,4.5,1.08766,110.881,4.53238,106.349,4.62004,0.755397,15.8929,83.2787,138.601,141.43,158.91,165.531,195.531,130.354,110.354
Accelerating,11,0.459704,4.21436,4.61493,19.0536,0.459704,5,1.08734,110.881,4.5636,106.317,4.62004,0.760599,15.8929,92.5319,154.001,157.144,176.566,183.923,213.923,142.616,122.616
Accelerating,12,0.459839,4.67406,5.11496,23.6685,0.459839,5.5,1.08701,110.881,4.59537,106.286,4.62004,0.765894,15.8929,101.785,169.401,172.859,194.223,202.316,232.316,154.877,134.877
Accelerating,13,0.459977,5.1339,5.61499,28.7835,0.459977,6,1.08668,110.881,4.6277,106.253,4.62004,0.771283,15.8929,111.038,184.802,188.573,211.88,220.708,250.708,167.139,147.139
Accelerating,14,0.460117,5.59388,6.11503,34.3985,0.460117,6.5,1.08634,110.881,4.66058,106.22,4.62004,0.776764,15.8929,120.292,200.202,204.287,229.536,239.1,269.1,179.4,159.4
Accelerating,15,0.460259,6.054,6.61506,40.5135,0.460259,7,1.086,110.881,4.69403,106.187,4.62004,0.782338,15.8929,129.545,215.602,220.002,247.193,257.493,287.493,191.662,171.662
Accelerating,16,0.460404,6.51426,7.1151,47.1286,0.460404,7.5,1.08565,110.881,4.72803,106.153,4.62004,0.788005,15.8929,138.798,231.002,235.716,264.85,275.885,305.885,203.923,183.923
Accelerating,17,0.460552,6.97466,7.61514,54.2437,0.460552,8,1.0853,110.881,4.76259,106.118,4.62004,0.793764,15.8929,148.051,246.402,251.431,282.506,294.277,324.277,216.185,196.185
Accelerating,18,0.460702,7.43521,8.11518,61.8588,0.460702,8.5,1.08494,110.881,4.7977,106.083,4.62004,0.799617,15.8929,157.304,261.802,267.145,300.163,312.67,342.67,228.447,208.447
Accelerating,19,0.460854,7.89591,8.61521,69.974,0.460854,9,1.08458,110.881,4.83338,106.048,4.62004,0.805563,15.8929,166.557,277.202,282.86,317.82,331.062,361.062,240.708,220.708
Accelerating,20,0.461009,8.35677,9.11525,78.5892,0.461009,9.5,1.08421,110.881,4.86961,106.011,4.62004,0.811602,15.8929,175.811,292.602,298.574,335.476,349.454,379.454,252.97,232.97
Accelerating,21,0.461167,8.81778,9.61529,87.7044,0.461167,10,1.08383,110.881,4.9064,105.975,4.62004,0.817733,15.8929,185.064,308.003,314.288,353.133,367.847,397.847,265.231,245.231
Accelerating,22,0.461327,9.27894,10.1153,97.3197,0.461327,10.5,1.08345,110.881,4.94375,105.937,4.62004,0.823958,15.8929,194.317,323.403,330.003,370.79,386.239,416.239,277.493,257.493
Accelerating,23,0.461489,9.74027,10.6154,107.435,0.461489,11,1.08306,110.881,4.98165,105.899,4.62004,0.830275,15.8929,203.57,338.803,345.717,388.446,404.632,434.632,289.754,269.754
Accelerating,24,0.461655,10.2018,11.1154,118.05,0.461655,11.5,1.08267,110.881,5.02011,105.861,4.62004,0.836686,15.8929,212.823,354.203,361.432,406.103,423.024,453.024,302.016,282.016
Accelerating,25,0.461822,10.6634,11.6155,129.166,0.461822,12,1.08227,110.881,5.05913,105.822,4.62004,0.843189,15.8929,222.077,369.603,377.146,423.76,441.416,471.416,314.277,294.277
Accelerating,26,0.461993,11.1252,12.1155,140.781,0.461993,12.5,1.08186,110.881,5.09871,105.782,4.62004,0.849785,15.8929,231.33,385.003,392.86,441.416,459.809,489.809,326.539,306.539
Accelerating,27,0.462165,11.5872,12.6155,152.897,0.462165,13,1.08145,110.881,5.13885,105.742,4.62004,0.856475,15.8929,240.583,400.403,408.575,459.073,478.201,508.201,338.801,318.801
Accelerating,28,0.462341,12.0494,13.1156,165.512,0.462341,13.5,1.08104,110.881,5.17954,105.701,4.62004,0.863257,15.8929,249.836,415.803,424.289,476.73,496.593,526.593,351.062,331.062
Accelerating,29,0.462519,12.5117,13.6156,178.628,0.462519,14,1.08062,110.881,5.22079,105.66,4.62004,0.870132,15.8929,259.089,431.204,440.004,494.386,514.986,544.986,363.324,343.324
Accelerating,30,0.462699,12.9743,14.1157,192.244,0.462699,14.5,1.08019,110.881,5.2626,105.618,4.62004,0.8771,15.8929,268.343,446.604,455.718,512.043,533.378,563.378,375.585,355.585
Accelerating,31,0.462883,13.437,14.6157,206.359,0.462883,15,1.07975,110.881,5.30497,105.576,4.62004,0.884161,15.8929,277.596,462.004,471.433,529.699,551.77,581.77,387.847,367.847
Accelerating,32,0.463068,13.8998,15.1158,220.975,0.463068,15.5,1.07932,110.881,5.34789,105.533,4.62004,0.891315,15.8929,286.849,477.404,487.147,547.356,570.163,600.163,400.108,380.108
Accelerating,33,0.463257,14.3629,15.6158,236.091,0.463257,16,1.07887,110.881,5.39137,105.49,4.62004,0.898562,15.8929,296.102,492.804,502.861,565.013,588.555,618.555,412.37,392.37
Accelerating,34,0.463448,14.8262,16.1159,251.707,0.463448,16.5,1.07842,110.881,5.43541,105.446,4.62004,0.905902,15.8929,305.355,508.204,518.576,582.669,606.947,636.947,424.632,404.632
Accelerating,35,0.463641,15.2896,16.6159,267.822,0.463641,17,1.07796,110.881,5.48001,105.401,4.62004,0.913334,15.8929,314.609,523.604,534.29,600.326,625.34,655.34,436.893,416.893
Accelerating,36,0.463837,15.7533,17.116,284.438,0.463837,17.5,1.0775,110.881,5.52516,105.356,4.62004,0.92086,15.8929,323.862,539.005,550.005,617.983,643.732,673.732,449.155,429.155
Accelerating,37,0.464036,16.2171,17.616,301.554,0.464036,18,1.07703,110.881,5.57087,105.31,4.62004,0.928479,15.8929,333.115,554.405,565.719,635.639,662.124,692.124,461.416,441.416
Accelerating,38,0.464238,16.6811,18.1161,319.17,0.464238,18.5,1.07656,110.881,5.61714,105.264,4.62004,0.93619,15.8929,342.368,569.805,581.433,653.296,680.517,710.517,473.678,453.678
Accelerating,39,0.464442,17.1454,18.6161,337.286,0.464442,19,1.07608,110.881,5.66397,105.217,4.62004,0.943995,15.8929,351.621,585.205,597.148,670.953,698.909,728.909,485.939,465.939
Accelerating,40,0.464648,17.6098,19.1162,355.902,0.464648,19.5,1.0756,110.881,5.71135,105.17,4.62004,0.951892,15.8929,360.875,600.605,612.862,688.609,717.301,747.301,498.201,478.201
Accelerating,41,0.464858,18.0745,19.6162,375.019,0.464858,20,1.07511,110.881,5.75929,105.122,4.62004,0.959882,15.8929,370.128,616.005,628.577,706.266,735.694,765.694,510.462,490.462
Accelerating,42,0.46507,18.5393,20.1163,394.635,0.46507,20.5,1.07461,110.881,5.80779,105.073,4.62004,0.967966,15.8929,379.381,631.405,644.291,723.923,754.086,784.086,522.724,502.724
Accelerating,43,0.465284,19.0044,20.6163,414.751,0.465284,21,1.07411,110.881,5.85685,105.024,4.62004,0.976142,15.8929,388.634,646.805,660.006,741.579,772.478,802.478,534.986,514.986
Accelerating,44,0.465502,19.4697,21.1164,435.367,0.465502,21.5,1.0736,110.881,5.90647,104.974,4.62004,0.984411,15.8929,397.887,662.206,675.72,759.236,790.871,820.871,547.247,527.247
Accelerating,45,0.465722,19.9352,21.6164,456.484,0.465722,22,1.07309,110.881,5.95664,104.924,4.62004,0.992773,15.8929,407.141,677.606,691.434,776.893,809.263,839.263,559.509,539.509
Accelerating,46,0.465944,20.4009,22.1165,478.1,0.465944,22.5,1.07257,110.881,6.00737,104.874,4.62004,1.00123,15.8929,416.394,693.006,707.149,794.549,827.655,857.655,571.77,551.77
Accelerating,47,0.46617,20.8668,22.6165,500.217,0.46617,23,1.07205,110.881,6.05866,104.822,4.62004,1.00978,15.8929,425.647,708.406,722.863,812.206,846.048,876.048,584.032,564.032
Accelerating,48,0.466398,21.333,23.1166,522.833,0.466398,23.5,1.07152,110.881,6.1105,104.77,4.62004,1.01842,15.8929,434.9,723.806,738.578,829.862,864.44,894.44,596.293,576.293
Accelerating,49,0.466629,21.7994,23.6167,545.95,0.466629,24,1.07098,110.881,6.1629,104.718,4.62004,1.02715,15.8929,444.153,739.206,754.292,847.519,882.832,912.832,608.555,588.555
Accelerating,50,0.466862,22.266,24.1167,569.567,0.466862,24.5,1.07044,110.881,6.21587,104.665,4.62004,1.03598,15.8929,453.407,754.606,770.006,865.176,901.225,931.225,620.817,600.817
Accelerating,51,0.467098,22.7329,24.6168,593.683,0.467098,25,1.06989,110.881,6.26938,104.612,4.62004,1.0449,15.8929,462.66,770.006,785.721,882.832,919.617,949.617,633.078,613.078
Accelerating,52,0.467337,23.2,25.1168,618.3,0.467337,25.5,1.06934,110.881,6.32346,104.557,4.62004,1.05391,15.8929,471.913,785.407,801.435,900.489,938.009,968.009,645.34,625.34
Accelerating,53,0.467579,23.6673,25.6169,643.417,0.467579,26,1.06878,110.881,6.37809,104.503,4.62004,1.06302,15.8929,481.166,800.807,817.15,918.146,956.402,986.402,657.601,637.601
Accelerating,54,0.467824,24.1349,26.117,669.034,0.467824,26.5,1.06821,110.881,6.43328,104.448,4.62004,1.07221,15.8929,490.419,816.207,832.864,935.802,974.794,1004.79,669.863,649.863
Accelerating,55,0.468071,24.6027,26.617,695.151,0.468071,27,1.06764,110.881,6.48903,104.392,4.62004,1.08151,15.8929,499.672,831.607,848.579,953.459,993.186,1023.19,682.124,662.124
Accelerating,56,0.468321,25.0708,27.1171,721.768,0.468321,27.5,1.06707,110.881,6.54534,104.336,4.62004,1.09089,15.8929,508.926,847.007,864.293,971.116,1011.58,1041.58,694.386,674.386
Accelerating,57,0.468573,25.5391,27.6171,748.885,0.468573,28,1.06649,110.881,6.6022,104.279,4.62004,1.10037,15.8929,518.179,862.407,880.007,988.772,1029.97,1059.97,706.647,686.647
Accelerating,58,0.468829,26.0077,28.1172,776.502,0.468829,28.5,1.0659,110.881,6.65963,104.221,4.62004,1.10994,15.8929,527.432,877.807,895.722,1006.43,1048.36,1078.36,718.909,698.909
Accelerating,59,0.469087,26.4765,28.6173,804.619,0.469087,29,1.06531,110.881,6.7176,104.163,4.62004,1.1196,15.8929,536.685,893.207,911.436,1024.09,1066.76,1096.76,731.171,711.171
Accelerating,60,0.469348,26.9456,29.1173,833.236,0.469348,29.5,1.06471,110.881,6.77614,104.105,4.62004,1.12936,15.8929,545.938,908.608,927.151,1041.74,1085.15,1115.15,743.432,723.432
Accelerating,61,0.469612,27.415,29.6174,862.354,0.469612,30,1.0641,110.881,6.83524,104.046,4.62004,1.13921,15.8929,555.192,924.008,942.865,1059.4,1103.54,1133.54,755.694,735.694
Accelerating,62,0.469879,27.8846,30.1175,891.971,0.469879,30.5,1.06349,110.881,6.89489,103.986,4.62004,1.14915,15.8929,564.445,939.408,958.579,1077.06,1121.93,1151.93,767.955,747.955
Accelerating,63,0.470149,28.3545,30.6175,922.089,0.470149,31,1.06288,110.881,6.9551,103.926,4.62004,1.15918,15.8929,573.698,954.808,974.294,1094.71,1140.33,1170.33,780.217,760.217
Accelerating,64,0.470421,28.8246,31.1176,952.706,0.470421,31.5,1.06226,110.881,7.01587,103.865,4.62004,1.16931,15.8929,582.951,970.208,990.008,1112.37,1158.72,1188.72,792.478,772.478
Accelerating,65,0.470696,29.295,31.6177,983.824,0.470696,32,1.06163,110.881,7.07719,103.804,4.62004,1.17953,15.8929,592.204,985.608,1005.72,1130.03,1177.11,1207.11,804.74,784.74
Accelerating,66,0.470974,29.7657,32.1177,1015.44,0.470974,32.5,1.061,110.881,7.13907,103.742,4.62004,1.18985,15.8929,601.458,1001.01,1021.44,1147.68,1195.5,1225.5,817.001,797.001
Accelerating,67,0.471255,30.2367,32.6178,1047.56,0.471255,33,1.06036,110.881,7.20151,103.679,4.62004,1.20025,15.8929,610.711,1016.41,1037.15,1165.34,1213.89,1243.89,829.263,809.263
Accelerating,68,0.471539,30.7079,33.1179,1080.18,0.471539,33.5,1.05971,110.881,7.26451,103.616,4.62004,1.21075,15.8929,619.964,1031.81,1052.87,1183,1232.29,1262.29,841.525,821.525
Accelerating,69,0.471826,31.1795,33.618,1113.29,0.471826,34,1.05906,110.881,7.32807,103.553,4.62004,1.22134,15.8929,629.217,1047.21,1068.58,1200.65,1250.68,1280.68,853.786,833.786
Accelerating,70,0.472115,31.6513,34.118,1146.91,0.472115,34.5,1.05841,110.881,7.39218,103.489,4.62004,1.23203,15.8929,638.47,1062.61,1084.29,1218.31,1269.07,1299.07,866.048,846.048
Accelerating,71,0.472408,32.1234,34.6181,1181.03,0.472408,35,1.05775,110.881,7.45685,103.424,4.62004,1.24281,15.8929,647.724,1078.01,1100.01,1235.97,1287.46,1317.46,878.309,858.309
Accelerating,72,0.472703,32.5958,35.1182,1215.65,0.472703,35.5,1.05708,110.881,7.52208,103.359,4.62004,1.25368,15.8929,656.977,1093.41,1115.72,1253.62,1305.86,1335.86,890.571,870.571
Accelerating,73,0.473001,33.0685,35.6183,1250.77,0.473001,36,1.04043,109.319,7.58786,101.731,4.55497,1.26464,15.6691,666.23,1093.19,1115.5,1253.37,1305.6,1335.6,890.398,870.398
Accelerating,74,0.480569,33.5415,36.1201,1286.39,0.480569,36.5,1.02423,107.801,7.65421,100.147,4.4917,1.2757,15.4515,675.483,1092.98,1115.29,1253.13,1305.35,1335.35,890.23,870.23
Accelerating,75,0.488173,34.0221,36.622,1322.51,0.488173,37,1.00844,106.324,7.72111,98.6031,4.43017,1.28685,15.2398,684.736,1092.78,1115.08,1252.9,1305.1,1335.1,890.067,870.067
Accelerating,76,0.495815,34.5103,37.124,1359.13,0.495815,37.5,0.993056,104.887,7.78857,97.0988,4.37031,1.29809,15.0339,693.99,1092.58,1114.87,1252.67,1304.86,1334.86,889.908,869.908
Accelerating,77,0.503496,35.0061,37.6259,1396.25,0.503496,38,0.978057,103.489,7.85658,95.6323,4.31204,1.30943,14.8334,703.243,1092.38,1114.68,1252.44,1304.63,1334.63,889.753,869.753
Accelerating,78,0.511217,35.5096,38.1278,1433.88,0.511217,38.5,0.96343,102.127,7.92516,94.202,4.2553,1.32086,14.6382,712.496,1092.19,1114.48,1252.23,1304.4,1334.4,889.603,869.603
Accelerating,79,0.518979,36.0208,38.6297,1472.01,0.518979,39,0.949158,100.801,7.99429,92.8066,4.20004,1.33238,14.4481,721.749,1092.01,1114.3,1252.02,1304.18,1334.18,889.456,869.456
Accelerating,80,0.526783,36.5398,39.1317,1510.63,0.526783,39.5,0.935228,99.5085,8.06398,91.4445,4.14619,1.344,14.2629,731.002,1091.83,1114.11,1251.81,1303.97,1333.97,889.313,869.313
Accelerating,81,0.534629,37.0666,39.6337,1549.77,0.534629,40,0.921628,98.2489,8.13423,90.1147,4.09371,1.3557,14.0823,740.256,1091.65,1113.93,1251.61,1303.76,1333.76,889.174,869.174
Accelerating,82,0.542518,37.6012,40.1356,1589.4,0.542518,40.5,0.908343,97.0208,8.20503,88.8158,4.04253,1.36751,13.9063,749.509,1091.48,1113.76,1251.41,1303.56,1333.56,889.038,869.038
Accelerating,83,0.550453,38.1437,40.6376,1629.54,0.550453,41,0.895363,95.823,8.27639,87.5466,3.99263,1.3794,13.7346,758.762,1091.32,1113.59,1251.22,1303.36,1333.36,888.906,868.906
Accelerating,84,0.558433,38.6942,41.1396,1670.17,0.558433,41.5,0.882676,94.6544,8.34831,86.3061,3.94394,1.39139,13.5671,768.015,1091.16,1113.42,1251.04,1303.16,1333.16,888.776,868.776
Accelerating,85,0.566459,39.2526,41.6416,1711.31,0.566459,42,0.870272,93.514,8.42079,85.0932,3.89642,1.40346,13.4037,777.268,1091,1113.26,1250.86,1302.98,1332.98,888.65,868.65
Accelerating,86,0.574533,39.8191,42.1436,1752.95,0.574533,42.5,0.858139,92.4008,8.49382,83.9069,3.85003,1.41564,13.2441,786.522,1090.84,1113.1,1250.68,1302.79,1332.79,888.527,868.527
Accelerating,87,0.582656,40.3936,42.6457,1795.1,0.582656,43,0.846269,91.3137,8.56742,82.7463,3.80474,1.4279,13.0883,795.775,1090.69,1112.95,1250.51,1302.61,1332.61,888.407,868.407
Accelerating,88,0.590829,40.9763,43.1477,1837.74,0.590829,43.5,0.834651,90.2519,8.64157,81.6103,3.7605,1.44026,12.9361,805.028,1090.54,1112.8,1250.34,1302.43,1332.43,888.29,868.29
Accelerating,89,0.599053,41.5671,43.6498,1880.89,0.599053,44,0.823278,89.2145,8.71628,80.4983,3.71727,1.45271,12.7874,814.281,1090.4,1112.65,1250.17,1302.26,1332.26,888.175,868.175
Accelerating,90,0.607328,42.1661,44.1518,1924.54,0.607328,44.5,0.81214,88.2007,8.79154,79.4092,3.67503,1.46526,12.6421,823.534,1090.26,1112.51,1250.01,1302.09,1332.09,888.063,868.063
Accelerating,91,0.615658,42.7735,44.6539,1968.69,0.615658,45,0.801229,87.2097,8.86736,78.3424,3.63374,1.47789,12.5001,832.787,1090.12,1112.37,1249.85,1301.93,1331.93,887.953,867.953
Accelerating,92,0.624042,43.3891,45.156,2013.35,0.624042,45.5,0.790537,86.2407,8.94374,77.297,3.59336,1.49062,12.3612,842.041,1089.99,1112.23,1249.7,1301.77,1331.77,887.846,867.846
Accelerating,93,0.632481,44.0132,45.6581,2058.5,0.632481,46,0.780058,85.293,9.02068,76.2723,3.55388,1.50345,12.2253,851.294,1089.86,1112.1,1249.55,1301.61,1331.61,887.741,867.741
Accelerating,94,0.640978,44.6456,46.1602,2104.16,0.640978,46.5,0.769784,84.3659,9.09818,75.2677,3.51525,1.51636,12.0924,860.547,1089.73,1111.97,1249.4,1301.46,1331.46,887.639,867.639
Accelerating,95,0.649533,45.2866,46.6624,2150.32,0.649533,47,0.759708,83.4588,9.17623,74.2825,3.47745,1.52937,11.9624,869.8,1089.6,1111.84,1249.26,1301.31,1331.31,887.538,867.538
Accelerating,96,0.658148,45.9362,47.1645,2196.98,0.658148,47.5,0.749823,82.5709,9.25484,73.3161,3.44045,1.54247,11.8352,879.053,1089.48,1111.71,1249.11,1301.16,1331.16,887.44,867.44
Accelerating,97,0.666824,46.5943,47.6667,2244.15,0.666824,48,0.740124,81.7017,9.33401,72.3677,3.40424,1.55567,11.7106,888.307,1089.36,1111.59,1248.98,1301.02,1331.02,887.344,867.344
Accelerating,98,0.675562,47.2611,48.1689,2291.82,0.675562,48.5,0.730605,80.8507,9.41374,71.4369,3.36878,1.56896,11.5886,897.56,1089.24,1111.47,1248.84,1300.88,1330.88,887.25,867.25
Accelerating,99,0.684364,47.9367,48.6711,2339.98,0.684364,49,0.721259,80.0172,9.49402,70.5231,3.33405,1.58234,11.4691,906.813,1089.12,1111.35,1248.71,1300.74,1330.74,887.158,867.158
Accelerating,100,0.693232,48.6211,49.1733,2388.66,0.693232,49.5,0.712082,79.2007,9.57486,69.6258,3.30003,1.59581,11.3521,916.066,1089.01,1111.23,1248.58,1300.6,1330.6,887.068,867.068
Accelerating,101,0.702166,49.3143,49.6755,2437.83,0.702166,50,0.703068,78.4007,9.65626,68.7444,3.26669,1.60938,11.2374,925.319,1088.9,1111.12,1248.45,1300.47,1330.47,886.979,866.979
Accelerating,102,0.711169,50.0164,50.1778,2487.5,0.711169,50.5,0.694211,77.6166,9.73822,67.8784,3.23403,1.62304,11.1251,934.573,1088.79,1111.01,1248.33,1300.34,1330.34,886.892,866.892
Accelerating,103,0.720242,50.7276,50.6801,2537.68,0.720242,51,0.685508,76.8482,9.82074,67.0274,3.20201,1.63679,11.0149,943.826,1088.68,1110.9,1248.2,1300.21,1330.21,886.807,866.807
Accelerating,104,0.729386,51.4479,51.1823,2588.36,0.729386,51.5,0.676953,76.0948,9.90381,66.1909,3.17061,1.65063,10.9069,953.079,1088.58,1110.79,1248.08,1300.09,1330.09,886.724,866.724
Accelerating,105,0.738604,52.1772,51.6847,2639.54,0.738604,52,0.668542,75.356,9.98744,65.3685,3.13983,1.66457,10.801,962.332,1088.48,1110.69,1247.97,1299.96,1329.96,886.642,866.642
Accelerating,106,0.747896,52.9158,52.187,2691.23,0.747896,52.5,0.66027,74.6314,10.0716,64.5598,3.10964,1.6786,10.6972,971.585,1088.37,1110.59,1247.85,1299.84,1329.84,886.562,866.562
Accelerating,107,0.757266,53.6637,52.6893,2743.42,0.757266,53,0.652134,73.9206,10.1564,63.7642,3.08003,1.69273,10.5953,980.839,1088.28,1110.49,1247.74,1299.73,1329.73,886.484,866.484
Accelerating,108,0.766713,54.421,53.1917,2796.11,0.766713,53.5,0.64413,73.2233,10.2417,62.9816,3.05097,1.70695,10.4953,990.092,1088.18,1110.39,1247.63,1299.61,1329.61,886.407,866.407
Accelerating,109,0.776241,55.1877,53.6941,2849.3,0.776241,54,0.636253,72.5389,10.3275,62.2114,3.02246,1.72126,10.3972,999.345,1088.08,1110.29,1247.52,1299.5,1329.5,886.331,866.331
Accelerating,110,0.785851,55.964,54.1965,2902.99,0.785851,54.5,0.6285,71.8673,10.414,61.4533,2.99447,1.73566,10.301,1008.6,1087.99,1110.19,1247.41,1299.38,1329.38,886.257,866.257
Accelerating,111,0.795545,56.7498,54.6989,2957.19,0.795545,55,0.620867,71.2079,10.5009,60.707,2.967,1.75015,10.2065,1017.85,1087.9,1110.1,1247.3,1299.28,1329.28,886.184,866.184
Accelerating,112,0.805325,57.5454,55.2013,3011.89,0.805325,55.5,0.613351,70.5606,10.5885,59.9721,2.94002,1.76474,10.1137,1027.1,1087.81,1110.01,1247.2,1299.17,1329.17,886.112,866.112
Accelerating,113,0.815193,58.3507,55.7038,3067.09,0.815193,56,0.605949,69.9249,10.6765,59.2484,2.91354,1.77942,10.0226,1036.36,1087.72,1109.92,1247.1,1299.06,1329.06,886.042,866.042
Accelerating,114,0.825152,59.1659,56.2063,3122.79,0.825152,56.5,0.598657,69.3006,10.7652,58.5354,2.88752,1.7942,9.93308,1045.61,1087.63,1109.83,1247,1298.96,1328.96,885.973,865.973
Accelerating,115,0.835202,59.991,56.7088,3179,0.835202,57,0.591473,68.6873,10.8544,57.8329,2.86197,1.80907,9.84518,1054.86,1087.55,1109.74,1246.9,1298.86,1328.86,885.905,865.905
Accelerating,116,0.845347,60.8262,57.2113,3235.71,0.845347,57.5,0.584393,68.0848,10.9442,57.1406,2.83687,1.82403,9.75882,1064.12,1087.47,1109.66,1246.81,1298.76,1328.76,885.838,865.838
Accelerating,117,0.855589,61.6716,57.7139,3292.92,0.855589,58,0.577414,67.4927,11.0345,56.4582,2.8122,1.83908,9.67396,1073.37,1087.38,1109.57,1246.71,1298.66,1328.66,885.773,865.773
Accelerating,118,0.86593,62.5272,58.2165,3350.63,0.86593,58.5,0.570534,66.9109,11.1254,55.7855,2.78795,1.85423,9.59056,1082.62,1087.3,1109.49,1246.62,1298.56,1328.56,885.709,865.709
Accelerating,119,0.876372,63.3931,58.7191,3408.85,0.876372,59,0.56375,66.339,11.2168,55.1222,2.76413,1.86947,9.50859,1091.88,1087.22,1109.41,1246.53,1298.47,1328.47,885.645,865.645
Accelerating,120,0.886918,64.2695,59.2217,3467.57,0.886918,59.5,0.557059,65.7768,11.3088,54.468,2.7407,1.8848,9.42801,1101.13,1087.14,1109.33,1246.44,1298.37,1328.37,885.583,865.583
Accelerating,121,0.89757,65.1564,59.7244,3526.79,0.89757,60,0.55046,65.2241,11.4013,53.8227,2.71767,1.90022,9.34878,1110.38,1087.07,1109.25,1246.35,1298.28,1328.28,885.522,865.522
Accelerating,122,0.908332,66.054,60.2271,3586.51,0.908332,60.5,0.543949,64.6805,11.4945,53.1861,2.69502,1.91574,9.27088,1119.64,1086.99,1109.18,1246.27,1298.19,1328.19,885.462,865.462
Accelerating,123,0.919205,66.9623,60.7298,3646.74,0.919205,61,0.537524,64.146,11.5881,52.5579,2.67275,1.93135,9.19426,1128.89,1086.92,1109.1,1246.18,1298.1,1328.1,885.403,865.403
Accelerating,124,0.930192,67.8815,61.2325,3707.47,0.930192,61.5,0.531183,63.6202,11.6824,51.9379,2.65084,1.94706,9.1189,1138.14,1086.85,1109.03,1246.1,1298.02,1328.02,885.345,865.345
Accelerating,125,0.941296,68.8117,61.7353,3768.7,0.941296,62,0.524923,63.103,11.7771,51.3258,2.62929,1.96286,9.04476,1147.4,1086.77,1108.95,1246.01,1297.93,1327.93,885.287,865.287
Accelerating,126,0.95252,69.753,62.2381,3830.44,0.95252,62.5,0.518744,62.5941,11.8725,50.7216,2.60809,1.97875,8.97182,1156.65,1086.7,1108.88,1245.93,1297.85,1327.85,885.231,865.231
Accelerating,127,0.963867,70.7055,62.741,3892.68,0.963867,63,0.512642,62.0933,11.9684,50.1249,2.58722,1.99473,8.90004,1165.9,1086.63,1108.81,1245.85,1297.76,1327.76,885.176,865.176
Accelerating,128,0.97534,71.6694,63.2438,3955.42,0.97534,63.5,0.506615,61.6005,12.0648,49.5357,2.56669,2.0108,8.82941,1175.16,1086.56,1108.74,1245.77,1297.68,1327.68,885.121,865.121
Accelerating,129,0.986943,72.6447,63.7467,4018.66,0.986943,64,0.500662,61.1155,12.1618,48.9536,2.54648,2.02697,8.75988,1184.41,1086.5,1108.67,1245.7,1297.6,1327.6,885.068,865.068
Accelerating,130,0.998677,73.6317,64.2497,4082.41,0.998677,64.5,0.494781,60.638,12.2594,48.3786,2.52658,2.04323,8.69145,1193.66,1086.43,1108.6,1245.62,1297.52,1327.52,885.015,865.015
Accelerating,131,1.01055,74.6303,64.7526,4146.66,1.01055,65,0.48897,60.1679,12.3575,47.8104,2.507,2.05959,8.62407,1202.92,1086.37,1108.54,1245.55,1297.44,1327.44,884.963,864.963
Accelerating,132,1.02256,75.6409,65.2556,4211.41,1.02256,65.5,0.483227,59.7051,12.4562,47.2489,2.48771,2.07604,8.55773,1212.17,1086.3,1108.47,1245.47,1297.37,1327.37,884.912,864.912
Accelerating,133,1.03471,76.6634,65.7587,4276.67,1.03471,66,0.472925,58.7971,12.5555,46.2416,2.44988,2.09258,8.42758,1221.42,1077.95,1099.95,1235.89,1287.39,1317.39,878.259,858.259
Accelerating,134,1.05725,77.6981,66.2643,4342.42,1.05725,66.5,0.462828,57.9096,12.6553,45.2543,2.4129,2.10921,8.30037,1230.67,1069.72,1091.55,1226.46,1277.56,1307.56,871.708,851.708
Accelerating,135,1.08031,78.7554,66.7701,4408.69,1.08031,67,0.452929,57.042,12.7556,44.2864,2.37675,2.12594,8.17602,1239.93,1061.62,1083.28,1217.17,1267.89,1297.89,865.257,845.257
Accelerating,136,1.10393,79.8357,67.276,4475.46,1.10393,67.5,0.443222,56.1938,12.8565,43.3373,2.34141,2.14276,8.05445,1249.18,1053.63,1075.14,1208.02,1258.35,1288.35,858.902,838.902
Accelerating,137,1.1281,80.9396,67.782,4542.73,1.1281,68,0.433702,55.3644,12.958,42.4064,2.30685,2.15967,7.93557,1258.43,1045.77,1067.11,1199.01,1248.96,1278.96,852.642,832.642
Accelerating,138,1.15287,82.0677,68.2882,4610.52,1.15287,68.5,0.424362,54.5532,13.06,41.4932,2.27305,2.17667,7.8193,1267.69,1038.03,1059.21,1190.12,1239.71,1269.71,846.475,826.475
Accelerating,139,1.17824,83.2206,68.7946,4678.81,1.17824,69,0.415198,53.7597,13.1626,40.5971,2.23999,2.19377,7.70556,1276.94,1030.39,1051.42,1181.37,1230.6,1260.6,840.399,820.399
Accelerating,140,1.20425,84.3988,69.3011,4747.6,1.20425,69.5,0.406203,52.9834,13.2658,39.7176,2.20764,2.21096,7.59429,1286.19,1022.87,1043.75,1172.75,1221.62,1251.62,834.411,814.411
Accelerating,141,1.23091,85.6031,69.8077,4816.9,1.23091,70,0.397374,52.2238,13.3695,38.8543,2.17599,2.22825,7.48541,1295.45,1015.46,1036.19,1164.25,1212.77,1242.77,828.51,808.51
Accelerating,142,1.25826,86.834,70.3146,4886.71,1.25826,70.5,0.388705,51.4804,13.4737,38.0067,2.14502,2.24562,7.37886,1304.7,1008.16,1028.73,1155.88,1204.04,1234.04,822.694,802.694
Accelerating,143,1.28632,88.0923,70.8216,4957.02,1.28632,71,0.380191,50.7528,13.5786,37.1742,2.1147,2.26309,7.27457,1313.95,1000.96,1021.39,1147.62,1195.44,1225.44,816.961,796.961
Accelerating,144,1.31513,89.3786,71.3288,5027.84,1.31513,71.5,0.371828,50.0405,13.6839,36.3565,2.08502,2.28066,7.17247,1323.21,993.86,1014.14,1139.49,1186.96,1216.96,811.31,791.31
Accelerating,145,1.34471,90.6937,71.8362,5099.17,1.34471,72,0.363612,49.3431,13.7899,35.5532,2.05596,2.29831,7.07251,1332.46,986.861,1007,1131.46,1178.61,1208.61,805.738,785.738
Accelerating,146,1.37509,92.0384,72.3438,5171.01,1.37509,72.5,0.355538,48.6601,13.8964,34.7638,2.02751,2.31606,6.97462,1341.71,979.961,999.96,1123.55,1170.37,1200.37,800.244,780.244
Accelerating,147,1.40632,93.4135,72.8516,5243.35,1.40632,73,0.347603,47.9913,14.0034,33.9879,1.99964,2.3339,6.87875,1350.97,973.156,993.017,1115.75,1162.24,1192.24,794.826,774.826
Accelerating,148,1.43842,94.8198,73.3596,5316.2,1.43842,73.5,0.339802,47.3361,14.111,33.2251,1.97234,2.35184,6.78484,1360.22,966.445,986.169,1108.05,1154.22,1184.22,789.483,769.483
Accelerating,149,1.47145,96.2583,73.8679,5389.56,1.47145,74,0.332131,46.6943,14.2192,32.4751,1.94559,2.36987,6.69285,1369.47,959.827,979.415,1100.47,1146.32,1176.32,784.213,764.213
Accelerating,150,1.50543,97.7297,74.3764,5463.43,1.50543,74.5,0.324588,46.0654,14.3279,31.7375,1.91939,2.38799,6.60271,1378.73,953.298,972.753,1092.98,1138.52,1168.52,779.014,759.014
Accelerating,151,1.54041,99.2351,74.8851,5537.81,1.54041,75,0.317168,45.4491,14.4372,31.0119,1.89371,2.4062,6.51438,1387.98,946.857,966.181,1085.6,1130.83,1160.83,773.886,753.886
Accelerating,152,1.57645,100.776,75.3941,5612.69,1.57645,75.5,0.309867,44.8452,14.547,30.2981,1.86855,2.42451,6.42781,1397.23,940.503,959.697,1078.31,1123.24,1153.24,768.827,748.827
Accelerating,153,1.61359,102.352,75.9034,5688.09,1.61359,76,0.302684,44.2532,14.6574,29.5957,1.84388,2.4429,6.34295,1406.49,934.233,953.299,1071.12,1115.75,1145.75,763.835,743.835
Accelerating,154,1.65189,103.966,76.413,5763.99,1.65189,76.5,0.295613,43.6728,14.7684,28.9044,1.8197,2.4614,6.25977,1415.74,928.047,946.987,1064.03,1108.36,1138.36,758.91,738.91
Accelerating,155,1.6914,105.617,76.9228,5840.4,1.6914,77,0.288653,43.1038,14.8799,28.2239,1.79599,2.47998,6.17821,1424.99,921.942,940.757,1057.03,1101.07,1131.07,754.049,734.049
Accelerating,156,1.73218,107.309,77.433,5917.33,1.73218,77.5,0.281801,42.5458,14.992,27.5539,1.77274,2.49866,6.09823,1434.25,915.917,934.609,1050.12,1093.88,1123.88,749.252,729.252
Accelerating,157,1.7743,109.041,77.9436,5994.76,1.7743,78,0.275052,41.9986,15.1046,26.894,1.74994,2.51743,6.0198,1443.5,909.97,928.541,1043.3,1086.77,1116.77,744.517,724.517
Accelerating,158,1.81784,110.815,78.4545,6072.7,1.81784,78.5,0.268406,41.4619,15.2178,26.2441,1.72758,2.53629,5.94287,1452.75,904.099,922.55,1036.57,1079.76,1109.76,739.843,719.843
Accelerating,159,1.86285,112.633,78.9657,6151.16,1.86285,79,0.261858,40.9354,15.3315,25.6039,1.70564,2.55525,5.86741,1462,898.304,916.637,1029.93,1072.84,1102.84,735.229,715.229
Accelerating,160,1.90943,114.496,79.4774,6230.12,1.90943,79.5,0.255406,40.4189,15.4458,24.9731,1.68412,2.5743,5.79337,1471.26,892.583,910.799,1023.37,1066.01,1096.01,730.673,710.673
Accelerating,161,1.95767,116.405,79.9894,6309.6,1.95767,80,0.249048,39.912,15.5607,24.3514,1.663,2.59344,5.72073,1480.51,886.934,905.035,1016.89,1059.26,1089.26,726.176,706.176
Accelerating,162,2.00764,118.363,80.5019,6389.59,2.00764,80.5,0.242781,39.4147,15.6761,23.7386,1.64228,2.61268,5.64944,1489.76,881.357,899.343,1010.5,1052.6,1082.6,721.735,701.735
Accelerating,163,2.05947,120.371,81.0149,6470.09,2.05947,81,0.236603,38.9266,15.7921,23.1345,1.62194,2.63201,5.57948,1499.02,875.849,893.723,1004.18,1046.02,1076.02,717.349,697.349
Accelerating,164,2.11324,122.43,81.5283,6551.11,2.11324,81.5,0.230512,38.4475,15.9086,22.5389,1.60198,2.65143,5.51081,1508.27,870.409,888.172,997.946,1039.53,1069.53,713.018,693.018
Accelerating,165,2.16909,124.543,82.0423,6632.64,2.16909,82,0.224504,37.9772,16.0257,21.9515,1.58238,2.67094,5.4434,1517.52,865.036,882.69,991.787,1033.11,1063.11,708.741,688.741
Accelerating,166,2.22713,126.713,82.5568,6714.68,2.22713,82.5,0.218579,37.5155,16.1433,21.3722,1.56315,2.69055,5.37722,1526.78,859.73,877.275,985.703,1026.77,1056.77,704.516,684.516
Accelerating,167,2.2875,128.94,83.0719,6797.23,2.2875,83,0.212734,37.0621,16.2615,20.8006,1.54426,2.71025,5.31224,1536.03,854.488,871.926,979.693,1020.51,1050.51,700.342,680.342
Accelerating,168,2.35036,131.227,83.5876,6880.31,2.35036,83.5,0.206966,36.6169,16.3803,20.2367,1.52571,2.73005,5.24843,1545.28,849.31,866.642,973.756,1014.33,1044.33,696.219,676.219
Accelerating,169,2.41586,133.578,84.104,6963.89,2.41586,84,0.201274,36.1797,16.4996,19.6801,1.50749,2.74993,5.18576,1554.54,844.194,861.422,967.89,1008.22,1038.22,692.146,672.146
Accelerating,170,2.48417,135.993,84.621,7048,2.48417,84.5,0.195656,35.7503,16.6195,19.1308,1.4896,2.76991,5.12421,1563.79,839.139,856.264,962.095,1002.18,1032.18,688.121,668.121
Accelerating,171,2.5555,138.478,85.1389,7132.62,2.5555,85,0.19011,35.3285,16.7399,18.5886,1.47202,2.78998,5.06375,1573.04,834.144,851.168,956.368,996.217,1026.22,684.145,664.145
Accelerating,172,2.63005,141.033,85.6575,7217.76,2.63005,85.5,0.184635,34.9141,16.8609,18.0532,1.45475,2.81015,5.00435,1582.3,829.209,846.132,950.71,990.323,1020.32,680.215,660.215
Accelerating,173,2.70805,143.663,86.177,7303.42,2.70805,86,0.179228,34.5069,16.9824,17.5245,1.43779,2.83041,4.94599,1591.55,824.332,841.155,945.118,984.498,1014.5,676.332,656.332
Accelerating,174,2.78975,146.371,86.6974,7389.59,2.78975,86.5,0.173887,34.1068,17.1045,17.0023,1.42112,2.85076,4.88865,1600.8,819.511,836.236,939.591,978.741,1008.74,672.494,652.494
Accelerating,175,2.87543,149.161,87.2189,7476.29,2.87543,87,0.168612,33.7137,17.2272,16.4865,1.40474,2.8712,4.83229,1610.06,814.747,831.375,934.129,973.051,1003.05,668.7,648.7
Accelerating,176,2.9654,152.036,87.7413,7563.51,2.9654,87.5,0.1634,33.3273,17.3504,15.9768,1.38864,2.89174,4.77691,1619.31,810.038,826.569,928.729,967.427,997.427,664.951,644.951
Accelerating,177,3.05998,155.002,88.265,7651.25,3.05998,88,0.158249,32.9475,17.4742,15.4733,1.37281,2.91237,4.72247,1628.56,805.383,821.819,923.392,961.867,991.867,661.245,641.245
Accelerating,178,3.15957,158.062,88.7899,7739.52,3.15957,88.5,0.153159,32.5741,17.5985,14.9756,1.35726,2.93309,4.66896,1637.82,800.781,817.123,918.116,956.371,986.371,657.581,637.581
Accelerating,179,3.26457,161.221,89.3161,7828.31,3.26457,89,0.148128,32.2071,17.7234,14.4837,1.34196,2.95391,4.61635,1647.07,796.231,812.481,912.9,950.937,980.937,653.958,633.958
Accelerating,180,3.37545,164.486,89.8439,7917.62,3.37545,89.5,0.143155,31.8462,17.8489,13.9974,1.32693,2.97481,4.56463,1656.32,791.733,807.891,907.743,945.565,975.565,650.377,630.377
Accelerating,181,3.49272,167.861,90.3732,8007.47,3.49272,90,0.138237,31.4914,17.9749,13.5165,1.31214,2.99582,4.51377,1665.57,787.285,803.352,902.643,940.253,970.253,646.836,626.836
Accelerating,182,3.61697,171.354,90.9042,8097.84,3.61697,90.5,0.133374,31.1425,18.1015,13.041,1.2976,3.01691,4.46376,1674.83,782.887,798.865,897.601,935.001,965.001,643.334,623.334
Accelerating,183,3.74885,174.971,91.4372,8188.74,3.74885,91,0.128564,30.7993,18.2286,12.5707,1.2833,3.0381,4.41457,1684.08,778.538,794.427,892.614,929.807,959.807,639.871,619.871
Accelerating,184,3.8891,178.72,91.9723,8280.18,3.8891,91.5,0.123807,30.4618,18.3563,12.1055,1.26924,3.05938,4.36619,1693.33,774.237,790.038,887.683,924.67,954.67,636.447,616.447
Accelerating,185,4.03856,182.609,92.5096,8372.15,4.03856,92,0.119099,30.1298,18.4845,11.6453,1.25541,3.08075,4.3186,1702.59,769.983,785.697,882.806,919.59,949.59,633.06,613.06
Accelerating,186,4.19817,186.648,93.0495,8464.66,4.19817,92.5,0.114442,29.8032,18.6133,11.1899,1.2418,3.10222,4.27179,1711.84,765.776,781.404,877.982,914.565,944.565,629.71,609.71
Accelerating,187,4.36903,190.846,93.5923,8557.71,4.36903,93,0.109833,29.4819,18.7427,10.7392,1.22841,3.12378,4.22573,1721.09,761.615,777.158,873.211,909.595,939.595,626.396,606.396
Accelerating,188,4.55238,195.215,94.1381,8651.3,4.55238,93.5,0.105271,29.1657,18.8726,10.2931,1.21524,3.14543,4.18042,1730.35,757.498,772.957,868.491,904.678,934.678,623.119,603.119
Accelerating,189,4.74966,199.767,94.6874,8745.44,4.74966,94,0.100755,28.8546,19.003,9.85156,1.20227,3.16717,4.13583,1739.6,753.426,768.802,863.822,899.815,929.815,619.876,599.876
Accelerating,190,4.96255,204.517,95.2406,8840.13,4.96255,94.5,0.0962834,28.5485,19.1341,9.41438,1.18952,3.18901,4.09194,1748.85,749.397,764.691,859.203,895.003,925.003,616.669,596.669
Accelerating,191,5.193,209.479,95.7983,8935.37,5.193,95,0.0918562,28.2471,19.2657,8.9815,1.17696,3.21094,4.04876,1758.11,745.411,760.623,854.633,890.243,920.243,613.495,593.495
Accelerating,192,5.44329,214.672,96.3608,9031.17,5.44329,95.5,0.0874718,27.9506,19.3978,8.5528,1.16461,3.23297,4.00625,1767.36,741.467,756.599,850.111,885.533,915.533,610.355,590.355
Accelerating,193,5.71613,220.116,96.929,9127.53,5.71613,96,0.0831292,27.6587,19.5305,8.12819,1.15245,3.25508,3.96441,1776.61,737.565,752.617,845.637,880.872,910.872,607.248,587.248
Accelerating,194,6.01474,225.832,97.5037,9224.46,6.01474,96.5,0.0788274,27.3713,19.6638,7.70757,1.14047,3.27729,3.92322,1785.87,733.704,748.677,841.21,876.261,906.261,604.174,584.174
Accelerating,195,6.34297,231.847,98.0857,9321.96,6.34297,97,0.0745655,27.0884,19.7976,7.29085,1.12868,3.2996,3.88267,1795.12,729.882,744.778,836.829,871.697,901.697,601.131,581.131
Accelerating,196,6.70552,238.189,98.6764,9420.05,6.70552,97.5,0.0703425,26.8099,19.9319,6.87793,1.11708,3.32199,3.84275,1804.37,726.101,740.919,832.493,867.181,897.181,598.12,578.12
Accelerating,197,7.10808,244.895,99.277,9518.72,7.10808,98,0.0661575,26.5356,20.0669,6.46873,1.10565,3.34448,3.80344,1813.63,722.358,737.1,828.202,862.711,892.711,595.141,575.141
Accelerating,198,7.55772,252.003,99.8894,9618,7.55772,98.5,0.0620096,26.2655,20.2024,6.06316,1.0944,3.36706,3.76473,1822.88,718.654,733.32,823.955,858.287,888.287,592.191,572.191
Accelerating,199,8.06327,259.561,100.516,9717.89,8.06327,99,0.057898,25.9995,20.3384,5.66114,1.08331,3.38973,3.7266,1832.13,714.988,729.579,819.752,853.908,883.908,589.272,569.272
Accelerating,200,8.63588,267.624,101.159,9818.41,8.63588,99.5,0.0538218,25.7376,20.475,5.26258,1.0724,3.4125,3.68905,1841.39,711.358,725.876,815.591,849.574,879.574,586.383,566.383
Accelerating,201,9.28992,276.26,101.822,9919.56,9.28992,100,0.0497802,25.4796,20.6122,4.8674,1.06165,3.43536,3.65207,1850.64,707.766,722.21,811.472,845.283,875.283,583.522,563.522
Accelerating,202,10.0442,285.55,102.511,10021.4,10.0442,100.5,0.0457723,25.2254,20.7499,4.47552,1.05106,3.45832,3.61564,1859.89,704.209,718.581,807.394,841.036,871.036,580.691,560.691
Accelerating,203,10.9236,295.594,103.231,10123.9,10.9236,101,0.0417975,24.975,20.8882,4.08687,1.04063,3.48136,3.57976,1869.15,700.689,714.988,803.358,836.831,866.831,577.887,557.887
Accelerating,204,11.9624,306.518,103.991,10227.1,11.9624,101.5,0.0378549,24.7284,21.027,3.70137,1.03035,3.5045,3.5444,1878.4,697.203,711.431,799.361,832.668,862.668,575.112,555.112
Accelerating,205,13.2083,318.48,104.802,10331.1,13.2083,102,0.0339438,24.4853,21.1664,3.31895,1.02022,3.52773,3.50957,1887.65,693.751,707.91,795.404,828.546,858.546,572.364,552.364
Accelerating,206,14.7302,331.688,105.683,10435.9,14.7302,102.5,0.0300634,24.2459,21.3063,2.93953,1.01024,3.55106,3.47524,1896.9,690.334,704.422,791.486,824.464,854.464,569.643,549.643
Accelerating,207,16.6315,346.419,106.658,10541.6,16.6315,103,0.0262131,24.0099,21.4469,2.56306,1.00041,3.57448,3.44142,1906.16,686.95,700.97,787.606,820.423,850.423,566.949,546.949
Accelerating,208,19.0744,363.05,107.769,10648.3,19.0744,103.5,0.0223921,23.7774,21.5879,2.18945,0.990724,3.59799,3.40809,1915.41,683.599,697.55,783.764,816.421,846.421,564.281,544.281
Accelerating,209,22.3293,382.125,109.082,10756,22.3293,104,0.0185999,23.5482,21.7295,1.81865,0.981175,3.62159,3.37524,1924.66,680.281,694.164,779.96,812.458,842.458,561.639,541.639
Accelerating,210,26.8819,404.454,110.72,10865.1,26.8819,104.5,0.0148356,23.3223,21.8717,1.45059,0.971763,3.64529,3.34286,1933.92,676.995,690.811,776.192,808.534,838.534,559.022,539.022
Accelerating,211,33.7027,431.336,112.926,10975.8,33.7027,105,0.0110987,23.0997,22.0145,1.08521,0.962486,3.66908,3.31095,1943.17,673.74,687.49,772.461,804.647,834.647,556.431,536.431
Accelerating,212,45.0502,465.039,116.263,11088.8,45.0502,105.5,0.00738859,22.8802,22.1578,0.72244,0.953341,3.69296,3.27949,1952.42,670.517,684.201,768.765,800.797,830.797,553.864,533.864
Accelerating,213,67.6719,510.089,122.418,11205,67.6719,106,0.0037046,22.6638,22.3016,0.362228,0.944326,3.71693,3.24848,1961.68,667.324,680.943,765.104,796.984,826.984,551.322,531.322
Accelerating,214,134.967,577.761,139.742,11327.4,134.967,106.5,4.6143e-05,22.4505,22.446,0.00451176,0.935439,3.741,3.21791,1970.93,664.161,677.716,761.478,793.207,823.207,548.804,528.804
Accelerating,215,10835.9,712.728,2815.47,11467.2,10835.9,107,-0.00358736,22.2402,22.591,-0.350764,0.926676,3.76516,3.18776,1980.18,661.029,674.519,757.887,789.465,819.465,546.31,526.31
Accelerating,216,-139.378,11548.6,72.1555,14282.7,-139.378,107.5,-0.00719649,22.0329,22.7365,-0.703657,0.918035,3.78942,3.15804,1989.44,657.925,671.352,754.329,785.759,815.759,543.839,523.839
Accelerating,217,-69.4783,11688,90.1304,14354.8,-69.4783,108,-0.0107818,21.8284,22.8826,-1.05422,0.909515,3.81377,3.12873,1998.69,654.851,668.215,750.804,782.087,812.087,541.392,521.392
Accelerating,218,-46.3745,11757.5,96.4064,14444.9,-46.3745,108.5,-0.0143438,21.6267,23.0292,-1.40251,0.901113,3.83821,3.09983,2007.94,651.805,665.108,747.312,778.45,808.45,538.967,518.967
Accelerating,219,-34.8582,11803.9,99.7855,14541.3,-34.8582,109,-0.0178831,21.4279,23.1764,-1.74857,0.892827,3.86274,3.07133,2017.2,648.788,662.029,743.852,774.846,804.846,536.564,516.564
Accelerating,220,-27.9593,11838.7,102.01,14641.1,-27.9593,109.5,-0.0214002,21.2317,23.3242,-2.09246,0.884655,3.88736,3.04321,2026.45,645.798,658.978,740.425,771.276,801.276,534.184,514.184
Accelerating,221,-23.3643,11866.7,103.659,14743.1,-23.3643,110,-0.0248955,21.0383,23.4725,-2.43423,0.876595,3.91208,3.01549,2035.7,642.836,655.955,737.028,767.738,797.738,531.825,511.825
Accelerating,222,-20.0839,11890,104.979,14846.8,-20.0839,110.5,-0.0283697,20.8474,23.6214,-2.77392,0.868644,3.9369,2.98813,2044.96,639.901,652.96,733.663,764.232,794.232,529.488,509.488
Accelerating,223,-17.6244,11910.1,106.094,14951.8,-17.6244,111,-0.0318231,20.6592,23.7708,-3.11159,0.8608,3.9618,2.96115,2054.21,636.992,649.992,730.328,760.759,790.759,527.172,507.172
Accelerating,224,-15.7119,11927.7,107.072,15057.9,-15.7119,111.5,-0.0352562,20.4735,23.9208,-3.44728,0.853063,3.9868,2.93454,2063.46,634.11,647.051,727.024,757.316,787.316,524.878,504.878
Accelerating,225,-14.1819,11943.5,107.955,15164.9,-14.1819,112,-0.0386696,20.2903,24.0713,-3.78103,0.845429,4.01189,2.90828,2072.72,631.254,644.137,723.749,753.905,783.905,522.603,502.603
Accelerating,226,-12.93,11957.6,108.767,15272.9,-12.93,112.5,-0.0420636,20.1095,24.2224,-4.11289,0.837898,4.03707,2.88237,2081.97,628.423,641.248,720.504,750.525,780.525,520.35,500.35
Accelerating,227,-11.8867,11970.6,109.528,15381.7,-11.8867,113,-0.0454388,19.9312,24.3741,-4.4429,0.830466,4.06235,2.8568,2091.22,625.618,638.386,717.287,747.174,777.174,518.116,498.116
Accelerating,228,-11.0038,11982.5,110.249,15491.2,-11.0038,113.5,-0.0487955,19.7552,24.5263,-4.77111,0.823133,4.08772,2.83158,2100.48,622.837,635.548,714.099,743.853,773.853,515.902,495.902
Accelerating,229,-10.2469,11993.5,110.938,15601.4,-10.2469,114,-0.0521341,19.5815,24.6791,-5.09756,0.815897,4.11318,2.80669,2109.73,620.082,632.736,710.94,740.562,770.562,513.708,493.708
Accelerating,230,-9.59065,12003.7,111.602,15712.4,-9.59065,114.5,-0.0554552,19.4101,24.8324,-5.42228,0.808756,4.13874,2.78212,2118.98,617.35,629.949,707.808,737.3,767.3,511.533,491.533
Accelerating,231,-9.01629,12013.3,112.246,15824,-9.01629,115,-0.058759,19.241,24.9863,-5.74532,0.801708,4.16438,2.75787,2128.23,614.643,627.186,704.704,734.066,764.066,509.378,489.378
Accelerating,232,-8.50934,12022.3,112.873,15936.2,-8.50934,115.5,-0.062046,19.074,25.1408,-6.06672,0.794751,4.19013,2.73394,2137.49,611.959,624.448,701.626,730.861,760.861,507.241,487.241
Accelerating,233,-8.05854,12030.8,113.485,16049.1,-8.05854,116,-0.0653166,18.9092,25.2958,-6.38651,0.787885,4.21596,2.71033,2146.74,609.298,621.733,698.576,727.683,757.683,505.122,485.122
Accelerating,234,-7.65502,12038.9,114.086,16162.6,-7.65502,116.5,-0.0685711,18.7466,25.4513,-6.70473,0.781108,4.24189,2.68701,2155.99,606.66,619.041,695.552,724.533,754.533,503.022,483.022
Accelerating,235,-7.2917,12046.5,114.677,16276.7,-7.2917,117,-0.07181,18.586,25.6074,-7.02142,0.774417,4.26791,2.664,2165.25,604.046,616.373,692.554,721.41,751.41,500.94,480.94
Accelerating,236,-6.96282,12053.8,115.259,16391.4,-6.96282,117.5,-0.0750336,18.4275,25.7641,-7.33662,0.767813,4.29402,2.64128,2174.5,601.453,613.728,689.582,718.314,748.314,498.876,478.876
Accelerating,237,-6.66368,12060.8,115.834,16506.6,-6.66368,118,-0.0782422,18.271,25.9214,-7.65035,0.761292,4.32023,2.61884,2183.75,598.883,611.105,686.635,715.245,745.245,496.83,476.83
Accelerating,238,-6.39041,12067.4,116.402,16622.4,-6.39041,118.5,-0.0814362,18.1165,26.0791,-7.96265,0.754854,4.34652,2.5967,2193.01,596.335,608.505,683.713,712.201,742.201,494.801,474.801
Accelerating,239,-6.13978,12073.8,116.965,16738.8,-6.13978,119,-0.084616,17.9639,26.2375,-8.27356,0.748497,4.37292,2.57483,2202.26,593.808,605.926,680.816,709.184,739.184,492.789,472.789
Accelerating,240,-5.90905,12080,117.523,16855.8,-5.90905,119.5,-0.0877818,17.8133,26.3964,-8.58311,0.742221,4.3994,2.55324,2211.51,591.303,603.37,677.944,706.191,736.191,490.794,470.794
Accelerating,241,-5.69594,12085.9,118.076,16973.3,-5.69594,120,-0.0909341,17.6645,26.5559,-8.89133,0.736023,4.42598,2.53192,2220.77,588.818,600.835,675.095,703.224,733.224,488.816,468.816
Accelerating,242,-5.49849,12091.6,118.625,17091.4,-5.49849,120.5,-0.094073,17.5176,26.7159,-9.19825,0.729902,4.45265,2.51086,2230.02,586.355,598.321,672.271,700.282,730.282,486.855,466.855
Accelerating,243,-5.31502,12097.1,119.171,17210,-5.31502,121,-0.097199,17.3726,26.8765,-9.50391,0.723857,4.47941,2.49007,2239.27,583.911,595.828,669.47,697.364,727.364,484.91,464.91
Accelerating,244,-5.14408,12102.4,119.714,17329.2,-5.14408,121.5,-0.100312,17.2293,27.0376,-9.80832,0.717887,4.50627,2.46953,2248.53,581.489,593.356,666.692,694.471,724.471,482.981,462.981
Accelerating,245,-4.98443,12107.5,120.254,17448.9,-4.98443,122,-0.103413,17.0878,27.1993,-10.1115,0.711991,4.53322,2.44925,2257.78,579.086,590.904,663.937,691.601,721.601,481.067,461.067
Accelerating,246,-4.83496,12112.5,120.791,17569.2,-4.83496,122.5,-0.106502,16.948,27.3616,-10.4136,0.706167,4.56026,2.42921,2267.03,576.703,588.472,661.205,688.755,718.755,479.17,459.17
Accelerating,247,-4.69473,12117.4,121.326,17690,-4.69473,123,-0.10958,16.8099,27.5244,-10.7144,0.700414,4.5874,2.40942,2276.29,574.339,586.061,658.495,685.932,715.932,477.288,457.288
Accelerating,248,-4.5629,12122.1,121.859,17811.3,-4.5629,123.5,-0.112645,16.6735,27.6877,-11.0142,0.694731,4.61462,2.38988,2285.54,571.995,583.669,655.808,683.133,713.133,475.422,455.422
Accelerating,249,-4.43871,12126.6,122.39,17933.2,-4.43871,124,-0.1157,16.5388,27.8517,-11.3129,0.689117,4.64195,2.37056,2294.79,569.67,581.296,653.142,680.356,710.356,473.571,453.571
Accelerating,250,-4.32153,12131.1,122.92,18055.5,-4.32153,124.5,-0.118743,16.4057,28.0162,-11.6105,0.683571,4.66936,2.35148,2304.05,567.364,578.943,650.498,677.602,707.602,471.734,451.734
Accelerating,251,-4.21076,12135.4,123.447,18178.5,-4.21076,125,-0.121776,16.2742,28.1812,-11.907,0.678092,4.69687,2.33263,2313.3,565.076,576.608,647.875,674.869,704.869,469.913,449.913
Accelerating,252,-4.10589,12139.6,123.974,18301.9,-4.10589,125.5,-0.124799,16.1443,28.3468,-12.2025,0.672678,4.72447,2.31401,2322.55,562.807,574.293,645.273,672.159,702.159,468.106,448.106
Accelerating,253,-4.00645,12143.7,124.498,18425.9,-4.00645,126,-0.127811,16.0159,28.513,-12.4971,0.667328,4.75216,2.29561,2331.8,560.556,571.996,642.692,669.471,699.471,466.314,446.314
Accelerating,254,-3.91202,12147.7,125.022,18550.4,-3.91202,126.5,-0.130814,15.889,28.6797,-12.7907,0.662043,4.77995,2.27743,2341.06,558.323,569.717,640.131,666.803,696.803,464.536,444.536
Accelerating,255,-3.82224,12151.6,125.544,18675.4,-3.82224,127,-0.133806,15.7637,28.8469,-13.0833,0.656819,4.80782,2.25946,2350.31,556.107,567.456,637.591,664.158,694.158,462.772,442.772
Accelerating,256,-3.73674,12155.4,126.066,18801,-3.73674,127.5,-0.13679,15.6398,29.0148,-13.375,0.651658,4.8358,2.2417,2359.56,553.909,565.213,635.071,661.532,691.532,461.022,441.022
Accelerating,257,-3.65525,12159.2,126.586,18927,-3.65525,128,-0.139764,15.5174,29.1832,-13.6658,0.646557,4.86386,2.22416,2368.82,551.728,562.988,632.571,658.928,688.928,459.285,439.285
Accelerating,258,-3.57746,12162.8,127.106,19053.6,-3.57746,128.5,-0.142729,15.3964,29.3521,-13.9557,0.641515,4.89202,2.20681,2378.07,549.565,560.78,630.09,656.344,686.344,457.563,437.563
Accelerating,259,-3.50314,12166.4,127.624,19180.7,-3.50314,129,-0.145686,15.2768,29.5216,-14.2448,0.636533,4.92027,2.18967,2387.32,547.418,558.59,627.629,653.78,683.78,455.854,435.854
Accelerating,260,-3.43204,12169.9,128.142,19308.3,-3.43204,129.5,-0.148634,15.1586,29.6917,-14.5331,0.631608,4.94861,2.17273,2396.58,545.288,556.417,625.187,651.237,681.237,454.158,434.158
Accelerating,261,-3.36397,12173.3,128.659,19436.5,-3.36397,130,-0.151574,15.0418,29.8623,-14.8205,0.62674,4.97705,2.15599,2405.83,543.175,554.26,622.764,648.712,678.712,452.475,432.475
Accelerating,262,-3.29873,12176.7,129.175,19565.1,-3.29873,130.5,-0.154505,14.9263,30.0335,-15.1072,0.621928,5.00558,2.13943,2415.08,541.078,552.12,620.36,646.208,676.208,450.805,430.805
Accelerating,263,-3.23613,12180,129.691,19694.3,-3.23613,131,-0.157429,14.8121,30.2052,-15.3931,0.617172,5.0342,2.12307,2424.34,538.997,549.997,617.974,643.723,673.723,449.148,429.148
