Speed,F Motor,P_vvvf,P_catenary,Catenary current,VVVFcurrent
 0,13.1031,18.3923,48.3923,32.2616,12.2616
0.5,4.30275,18.3923,48.3923,32.2616,12.2616
1.04487,4.3295,38.435,68.435,45.6234,25.6234
1.58958,4.35929,58.4721,88.4721,58.9814,38.9814
2.13414,4.38973,78.5035,108.503,72.3357,52.3357
2.67853,4.42083,98.529,128.529,85.686,65.686
3.22277,4.45257,118.549,148.549,99.0324,79.0324
3.76684,4.48497,138.562,168.562,112.375,92.3747
4.31074,4.51802,158.569,188.569,125.713,105.713
4.85447,4.55172,178.57,208.57,139.047,119.047
5.39802,4.58606,198.565,228.565,152.376,132.376
5.9414,4.62106,218.552,248.552,165.702,145.702
6.48459,4.6567,238.534,268.534,179.022,159.022
7.0276,4.69299,258.508,288.508,192.339,172.339
7.57041,4.72992,278.475,308.475,205.65,185.65
8.11304,4.7675,298.436,328.436,218.957,198.957
8.65547,4.80572,318.389,348.389,232.259,212.259
9.1977,4.84458,338.335,368.335,245.556,225.556
9.73973,4.88409,358.273,388.273,258.849,238.849
10.2816,4.92424,378.204,408.204,272.136,252.136
10.8232,4.96502,398.127,428.127,285.418,265.418
11.3646,5.00645,418.042,448.042,298.695,278.695
11.9058,5.04851,437.95,467.95,311.966,291.966
12.4467,5.09121,457.849,487.849,325.233,305.233
12.9875,5.13455,477.74,507.74,338.494,318.494
13.528,5.17852,497.623,527.623,351.749,331.749
14.0683,5.22312,517.498,547.498,364.999,344.999
14.6084,5.26835,537.364,567.364,378.243,358.243
15.1482,5.31422,557.222,587.222,391.481,371.481
15.6878,5.36072,577.07,607.07,404.713,384.713
16.2271,5.40784,596.91,626.91,417.94,397.94
16.7662,5.4556,616.741,646.741,431.161,411.161
17.3051,5.50398,636.563,666.563,444.375,424.375
17.8437,5.55299,656.375,686.375,457.584,437.584
18.3821,5.60262,676.179,706.179,470.786,450.786
18.9202,5.65287,695.972,725.972,483.982,463.982
19.458,5.70375,715.756,745.756,497.171,477.171
19.9956,5.75525,735.531,765.531,510.354,490.354
20.5329,5.80736,755.296,785.296,523.53,503.53
21.0699,5.8601,775.05,805.05,536.7,516.7
21.6067,5.91345,794.795,824.795,549.863,529.863
22.1432,5.96742,814.53,844.53,563.02,543.02
22.6794,6.022,834.254,864.254,576.169,556.169
23.2153,6.07719,853.968,883.968,589.312,569.312
23.751,6.133,873.672,903.672,602.448,582.448
24.2863,6.18942,893.364,923.364,615.576,595.576
24.8214,6.24644,913.046,943.046,628.698,608.698
25.3561,6.30408,932.718,962.718,641.812,621.812
25.8906,6.36232,952.378,982.378,654.919,634.919
26.4248,6.42116,972.027,1002.03,668.018,648.018
26.9586,6.48061,991.665,1021.67,681.11,661.11
27.4922,6.54066,1011.29,1041.29,694.195,674.195
28.0255,6.60131,1030.91,1060.91,707.272,687.272
28.5584,6.66256,1050.51,1080.51,720.341,700.341
29.091,6.72441,1070.1,1100.1,733.402,713.402
29.6233,6.78686,1089.68,1119.68,746.456,726.456
30.1553,6.8499,1109.25,1139.25,759.502,739.502
30.6869,6.91353,1128.81,1158.81,772.54,752.54
31.2183,6.97775,1148.35,1178.35,785.569,765.569
31.7493,7.04257,1167.89,1197.89,798.591,778.591
32.2799,7.10797,1187.41,1217.41,811.604,791.604
32.8102,7.17396,1206.91,1236.91,824.609,804.609
33.3402,7.24053,1226.41,1256.41,837.606,817.606
33.8698,7.30769,1245.89,1275.89,850.594,830.594
34.3991,7.37544,1265.36,1295.36,863.574,843.574
34.9281,7.44376,1284.82,1314.82,876.545,856.545
35.4567,7.51266,1304.26,1334.26,889.508,869.508
35.9776,7.58214,1306.38,1336.38,890.92,870.92
36.4901,7.65122,1305.8,1335.8,890.535,870.535
36.9944,7.71977,1305.26,1335.26,890.173,870.173
37.491,7.78781,1304.75,1334.75,889.831,869.831
37.9802,7.85536,1304.26,1334.26,889.508,869.508
38.4622,7.92243,1303.8,1333.8,889.202,869.202
38.9373,7.98905,1303.37,1333.37,888.912,868.912
39.4058,8.05521,1302.95,1332.95,888.636,868.636
39.8679,8.12095,1302.56,1332.56,888.374,868.374
40.3238,8.18627,1302.19,1332.19,888.125,868.125
40.7737,8.25118,1301.83,1331.83,887.887,867.887
41.2179,8.3157,1301.49,1331.49,887.66,867.66
41.6566,8.37983,1301.16,1331.16,887.443,867.443
42.0898,8.4436,1300.85,1330.85,887.236,867.236
42.5178,8.507,1300.56,1330.56,887.037,867.037
42.9407,8.57004,1300.27,1330.27,886.847,866.847
43.3587,8.63274,1300,1330,886.665,866.665
43.7719,8.69511,1299.73,1329.73,886.489,866.489
44.1805,8.75714,1299.48,1329.48,886.321,866.321
44.5846,8.81885,1299.24,1329.24,886.16,866.16
44.9843,8.88025,1299.01,1329.01,886.004,866.004
45.3798,8.94134,1298.78,1328.78,885.854,865.854
45.771,9.00213,1298.56,1328.56,885.71,865.71
46.1583,9.06262,1298.36,1328.36,885.571,865.571
46.5416,9.12283,1298.15,1328.15,885.436,865.436
46.921,9.18274,1297.96,1327.96,885.307,865.307
47.2967,9.24239,1297.77,1327.77,885.182,865.182
47.6687,9.30175,1297.59,1327.59,885.061,865.061
48.0372,9.36085,1297.42,1327.42,884.943,864.943
48.4021,9.41969,1297.25,1327.25,884.83,864.83
48.7636,9.47826,1297.08,1327.08,884.72,864.72
49.1218,9.53658,1296.92,1326.92,884.614,864.614
49.4768,9.59465,1296.77,1326.77,884.511,864.511
49.8285,9.65247,1296.62,1326.62,884.411,864.411
50.1771,9.71005,1296.47,1326.47,884.314,864.314
50.5227,9.76739,1296.33,1326.33,884.22,864.22
50.8652,9.82449,1296.19,1326.19,884.129,864.129
51.2049,9.88136,1296.06,1326.06,884.04,864.04
51.5416,9.93801,1295.93,1325.93,883.954,863.954
51.8755,9.99442,1295.81,1325.81,883.87,863.87
52.2067,10.0506,1295.68,1325.68,883.789,863.789
52.5351,10.1066,1295.56,1325.56,883.709,863.709
52.8609,10.1623,1295.45,1325.45,883.632,863.632
53.1841,10.2179,1295.33,1325.33,883.557,863.557
53.5047,10.2732,1295.23,1325.23,883.483,863.483
53.8228,10.3283,1295.12,1325.12,883.412,863.412
54.1384,10.3833,1295.01,1325.01,883.342,863.342
54.4516,10.438,1294.91,1324.91,883.275,863.275
54.7624,10.4925,1294.81,1324.81,883.208,863.208
55.0709,10.5468,1294.72,1324.72,883.144,863.144
55.377,10.6009,1294.62,1324.62,883.081,863.081
55.6809,10.6548,1294.53,1324.53,883.019,863.019
55.9825,10.7086,1294.44,1324.44,882.959,862.959
56.282,10.7621,1294.35,1324.35,882.9,862.9
56.5793,10.8154,1294.26,1324.26,882.843,862.843
56.8745,10.8686,1294.18,1324.18,882.787,862.787
57.1675,10.9216,1294.1,1324.1,882.732,862.732
57.4586,10.9744,1294.02,1324.02,882.679,862.679
57.7476,11.027,1293.94,1323.94,882.626,862.626
58.0345,11.0794,1293.86,1323.86,882.575,862.575
58.3196,11.1317,1293.79,1323.79,882.525,862.525
58.6027,11.1837,1293.71,1323.71,882.476,862.476
58.8839,11.2356,1293.64,1323.64,882.428,862.428
59.1632,11.2874,1293.57,1323.57,882.38,862.38
59.4406,11.3389,1293.5,1323.5,882.334,862.334
59.7162,11.3903,1293.43,1323.43,882.289,862.289
59.99,11.4415,1293.37,1323.37,882.245,862.245
60.2621,11.4926,1293.3,1323.3,882.202,862.202
60.5324,11.5435,1293.24,1323.24,882.159,862.159
60.8009,11.5942,1293.18,1323.18,882.117,862.117
61.0678,11.6448,1293.11,1323.11,882.076,862.076
61.3329,11.6952,1293.05,1323.05,882.036,862.036
61.5964,11.7454,1293,1323,881.997,861.997
61.8583,11.7955,1292.94,1322.94,881.958,861.958
62.1185,11.8454,1292.88,1322.88,881.92,861.92
62.3772,11.8952,1292.82,1322.82,881.883,861.883
62.6343,11.9448,1292.77,1322.77,881.847,861.847
62.8898,11.9942,1292.72,1322.72,881.811,861.811
63.1437,12.0435,1292.66,1322.66,881.775,861.775
63.3962,12.0927,1292.61,1322.61,881.741,861.741
63.6471,12.1416,1292.56,1322.56,881.707,861.707
63.8966,12.1905,1292.51,1322.51,881.673,861.673
64.1446,12.2392,1292.46,1322.46,881.641,861.641
64.3911,12.2877,1292.41,1322.41,881.608,861.608
64.6362,12.3361,1292.36,1322.36,881.577,861.577
64.8799,12.3844,1292.32,1322.32,881.545,861.545
65.1222,12.4325,1292.27,1322.27,881.515,861.515
65.3626,12.4804,1289.79,1319.79,879.86,859.86
65.6005,12.5281,1284.98,1314.98,876.654,856.654
65.8359,12.5755,1280.26,1310.26,873.505,853.505
66.069,12.6224,1275.62,1305.62,870.411,850.411
66.2997,12.6691,1271.06,1301.06,867.371,847.371
66.5281,12.7153,1266.57,1296.57,864.383,844.383
66.7543,12.7613,1262.17,1292.17,861.445,841.445
66.9783,12.8069,1257.84,1287.84,858.557,838.557
67.2001,12.8521,1253.57,1283.57,855.717,835.717
67.4198,12.8971,1249.38,1279.38,852.923,832.923
67.6374,12.9417,1245.26,1275.26,850.174,830.174
67.853,12.986,1241.2,1271.2,847.469,827.469
68.0665,13.03,1237.21,1267.21,844.808,824.808
68.2781,13.0737,1233.28,1263.28,842.189,822.189
68.4877,13.117,1229.41,1259.41,839.61,819.61
68.6954,13.1601,1225.61,1255.61,837.071,817.071
68.9013,13.2029,1221.86,1251.86,834.571,814.571
69.1052,13.2454,1218.16,1248.16,832.108,812.108
69.3074,13.2876,1214.52,1244.52,829.683,809.683
69.5078,13.3295,1210.94,1240.94,827.293,807.293
69.7064,13.3711,1207.41,1237.41,824.939,804.939
69.9033,13.4125,1203.93,1233.93,822.619,802.619
70.0985,13.4535,1200.5,1230.5,820.333,800.333
70.0295,13.4943,0,30,20,0
69.9605,13.4799,0,30,20,0
69.8917,13.4655,0,30,20,0
69.8229,13.4511,0,30,20,0
69.7542,13.4368,0,30,20,0
69.6855,13.4224,0,30,20,0
69.617,13.4081,0,30,20,0
69.5485,13.3938,0,30,20,0
69.4801,13.3796,0,30,20,0
69.4117,13.3653,0,30,20,0
69.3435,13.3511,0,30,20,0
69.2753,13.337,0,30,20,0
69.2071,13.3228,0,30,20,0
69.1391,13.3087,0,30,20,0
69.0711,13.2946,0,30,20,0
69.0032,13.2805,0,30,20,0
68.9353,13.2664,0,30,20,0
68.8676,13.2524,0,30,20,0
68.7999,13.2384,0,30,20,0
68.7322,13.2244,0,30,20,0
68.6647,13.2105,0,30,20,0
68.5972,13.1965,0,30,20,0
68.5298,13.1826,0,30,20,0
68.4625,13.1688,0,30,20,0
68.3952,13.1549,0,30,20,0
68.328,13.1411,0,30,20,0
68.2609,13.1273,0,30,20,0
68.1938,13.1135,0,30,20,0
68.1268,13.0997,0,30,20,0
68.0599,13.086,0,30,20,0
67.9931,13.0723,0,30,20,0
67.9263,13.0586,0,30,20,0
67.8596,13.045,0,30,20,0
67.7929,13.0313,0,30,20,0
67.7264,13.0177,0,30,20,0
67.6599,13.0041,0,30,20,0
67.5934,12.9906,0,30,20,0
67.5271,12.977,0,30,20,0
67.4608,12.9635,0,30,20,0
67.3946,12.95,0,30,20,0
67.3284,12.9366,0,30,20,0
67.2623,12.9231,0,30,20,0
67.1963,12.9097,0,30,20,0
67.1304,12.8963,0,30,20,0
67.0645,12.8829,0,30,20,0
66.9987,12.8696,0,30,20,0
66.9329,12.8563,0,30,20,0
66.8673,12.843,0,30,20,0
66.8016,12.8297,0,30,20,0
66.7361,12.8164,0,30,20,0
66.6706,12.8032,0,30,20,0
66.6052,12.79,0,30,20,0
66.5399,12.7768,0,30,20,0
66.4746,12.7637,0,30,20,0
66.4094,12.7505,0,30,20,0
66.3443,12.7374,0,30,20,0
66.2792,12.7243,0,30,20,0
66.2142,12.7112,0,30,20,0
66.1493,12.6982,0,30,20,0
66.0844,12.6852,0,30,20,0
66.0196,12.6722,0,30,20,0
65.9549,12.6592,0,30,20,0
65.8902,12.6462,0,30,20,0
65.8256,12.6333,0,30,20,0
65.7611,12.6204,0,30,20,0
65.6966,12.6075,0,30,20,0
65.6322,12.5946,0,30,20,0
65.5679,12.5818,0,30,20,0
65.5036,12.569,0,30,20,0
65.4394,12.5562,0,30,20,0
65.3752,12.5434,0,30,20,0
65.3112,12.5306,0,30,20,0
65.2472,12.5179,0,30,20,0
65.1832,12.5052,0,30,20,0
65.1193,12.4925,0,30,20,0
65.0555,12.4799,0,30,20,0
64.9918,12.4672,0,30,20,0
64.9281,12.4546,0,30,20,0
65.1701,12.442,1292.26,1322.26,881.509,861.509
65.4099,12.4899,1288.83,1318.83,879.22,859.22
65.6473,12.5375,1284.04,1314.04,876.025,856.025
65.8823,12.5848,1279.33,1309.33,872.888,852.888
66.1149,12.6317,1274.71,1304.71,869.804,849.804
66.3452,12.6783,1270.16,1300.16,866.775,846.775
66.5731,12.7245,1265.7,1295.7,863.797,843.797
66.7989,12.7704,1261.3,1291.3,860.869,840.869
67.0224,12.8159,1256.99,1286.99,857.99,837.99
67.2438,12.8611,1252.74,1282.74,855.159,835.159
67.4631,12.906,1248.56,1278.56,852.374,832.374
67.6803,12.9505,1244.45,1274.45,849.634,829.634
67.8955,12.9947,1240.41,1270.41,846.939,826.939
68.1086,13.0387,1236.43,1266.43,844.285,824.285
68.3198,13.0823,1232.51,1262.51,841.674,821.674
68.529,13.1256,1228.65,1258.65,839.103,819.103
68.7364,13.1686,1224.86,1254.86,836.572,816.572
68.9418,13.2113,1221.12,1251.12,834.079,814.079
69.1455,13.2538,1217.44,1247.44,831.625,811.625
69.3473,13.2959,1213.81,1243.81,829.206,809.206
69.5473,13.3377,1210.24,1240.24,826.824,806.824
69.7456,13.3793,1206.71,1236.71,824.476,804.476
69.9421,13.4206,1203.24,1233.24,822.163,802.163
70.137,13.4616,1199.82,1229.82,819.883,799.883
70.0679,13.5024,0,30,20,0
69.9989,13.488,0,30,20,0
69.93,13.4735,0,30,20,0
69.8612,13.4591,0,30,20,0
69.7925,13.4448,0,30,20,0
69.7238,13.4304,0,30,20,0
69.6552,13.4161,0,30,20,0
69.5867,13.4018,0,30,20,0
69.5182,13.3875,0,30,20,0
69.4498,13.3733,0,30,20,0
69.3815,13.359,0,30,20,0
69.3133,13.3449,0,30,20,0
69.2451,13.3307,0,30,20,0
69.177,13.3165,0,30,20,0
69.109,13.3024,0,30,20,0
69.041,13.2883,0,30,20,0
68.9731,13.2743,0,30,20,0
68.9053,13.2602,0,30,20,0
68.8376,13.2462,0,30,20,0
68.7699,13.2322,0,30,20,0
68.7023,13.2182,0,30,20,0
68.6348,13.2043,0,30,20,0
68.5674,13.1904,0,30,20,0
68.5,13.1765,0,30,20,0
68.4327,13.1626,0,30,20,0
68.3654,13.1488,0,30,20,0
68.2983,13.135,0,30,20,0
68.2312,13.1212,0,30,20,0
68.1641,13.1074,0,30,20,0
68.0972,13.0937,0,30,20,0
68.0303,13.0799,0,30,20,0
67.9635,13.0662,0,30,20,0
67.8967,13.0526,0,30,20,0
67.8301,13.0389,0,30,20,0
67.7635,13.0253,0,30,20,0
67.6969,13.0117,0,30,20,0
67.6305,12.9981,0,30,20,0
67.5641,12.9846,0,30,20,0
67.4977,12.9711,0,30,20,0
67.4315,12.9576,0,30,20,0
67.3653,12.9441,0,30,20,0
67.2992,12.9306,0,30,20,0
67.2331,12.9172,0,30,20,0
67.1671,12.9038,0,30,20,0
67.1012,12.8904,0,30,20,0
67.0353,12.877,0,30,20,0
66.9696,12.8637,0,30,20,0
66.9039,12.8504,0,30,20,0
66.8382,12.8371,0,30,20,0
66.7726,12.8238,0,30,20,0
66.7071,12.8106,0,30,20,0
66.6417,12.7974,0,30,20,0
66.5763,12.7842,0,30,20,0
66.511,12.771,0,30,20,0
66.4458,12.7578,0,30,20,0
66.3806,12.7447,0,30,20,0
66.3155,12.7316,0,30,20,0
66.2505,12.7185,0,30,20,0
66.1855,12.7055,0,30,20,0
66.1206,12.6924,0,30,20,0
66.0557,12.6794,0,30,20,0
65.991,12.6664,0,30,20,0
65.9263,12.6535,0,30,20,0
65.8616,12.6405,0,30,20,0
65.797,12.6276,0,30,20,0
65.7325,12.6147,0,30,20,0
65.6681,12.6018,0,30,20,0
65.6037,12.589,0,30,20,0
65.5394,12.5761,0,30,20,0
65.4752,12.5633,0,30,20,0
65.411,12.5505,0,30,20,0
65.3469,12.5378,0,30,20,0
65.2828,12.525,0,30,20,0
65.2188,12.5123,0,30,20,0
65.1549,12.4996,0,30,20,0
65.0911,12.4869,0,30,20,0
65.0273,12.4743,0,30,20,0
64.9636,12.4616,0,30,20,0
64.8999,12.449,0,30,20,0
65.1421,12.4364,1292.27,1322.27,881.512,861.512
65.3822,12.4844,1289.39,1319.39,879.594,859.594
65.6199,12.532,1284.59,1314.59,876.393,856.393
65.8551,12.5793,1279.87,1309.87,873.249,853.249
66.088,12.6263,1275.24,1305.24,870.16,850.16
66.3185,12.6729,1270.69,1300.69,867.124,847.124
66.5468,12.7191,1266.21,1296.21,864.14,844.14
66.7728,12.765,1261.81,1291.81,861.206,841.206
66.9966,12.8106,1257.48,1287.48,858.322,838.322
67.2182,12.8559,1253.23,1283.23,855.485,835.485
67.4378,12.9008,1249.04,1279.04,852.695,832.695
67.6552,12.9454,1244.93,1274.93,849.95,829.95
67.8706,12.9896,1240.87,1270.87,847.249,827.249
68.084,13.0336,1236.89,1266.89,844.591,824.591
68.2954,13.0772,1232.96,1262.96,841.975,821.975
68.5048,13.1206,1229.1,1259.1,839.4,819.4
68.7124,13.1636,1225.3,1255.3,836.864,816.864
68.9181,13.2064,1221.55,1251.55,834.367,814.367
69.1219,13.2488,1217.86,1247.86,831.908,811.908
69.3239,13.291,1214.23,1244.23,829.485,809.485
69.5242,13.3329,1210.65,1240.65,827.099,807.099
69.7226,13.3745,1207.12,1237.12,824.747,804.747
69.9194,13.4158,1203.64,1233.64,822.43,802.43
70.1144,13.4569,1200.22,1230.22,820.146,800.146
70.0454,13.4977,0,30,20,0
69.9765,13.4832,0,30,20,0
69.9076,13.4688,0,30,20,0
69.8388,13.4544,0,30,20,0
69.7701,13.4401,0,30,20,0
69.7014,13.4257,0,30,20,0
69.6328,13.4114,0,30,20,0
69.5643,13.3971,0,30,20,0
69.4959,13.3829,0,30,20,0
69.4275,13.3686,0,30,20,0
69.3592,13.3544,0,30,20,0
69.291,13.3402,0,30,20,0
69.2229,13.3261,0,30,20,0
69.1548,13.3119,0,30,20,0
69.0868,13.2978,0,30,20,0
69.0189,13.2837,0,30,20,0
68.951,13.2697,0,30,20,0
68.8832,13.2556,0,30,20,0
68.8155,13.2416,0,30,20,0
68.7479,13.2277,0,30,20,0
68.6803,13.2137,0,30,20,0
68.6128,13.1998,0,30,20,0
68.5454,13.1859,0,30,20,0
68.478,13.172,0,30,20,0
68.4107,13.1581,0,30,20,0
68.3435,13.1443,0,30,20,0
68.2764,13.1305,0,30,20,0
68.2093,13.1167,0,30,20,0
68.1423,13.1029,0,30,20,0
68.0754,13.0892,0,30,20,0
68.0085,13.0755,0,30,20,0
67.9417,13.0618,0,30,20,0
67.875,13.0481,0,30,20,0
67.8083,13.0345,0,30,20,0
67.7417,13.0209,0,30,20,0
67.6752,13.0073,0,30,20,0
67.6088,12.9937,0,30,20,0
67.5424,12.9802,0,30,20,0
67.4761,12.9666,0,30,20,0
67.4099,12.9531,0,30,20,0
67.3437,12.9397,0,30,20,0
67.2776,12.9262,0,30,20,0
67.2116,12.9128,0,30,20,0
67.1456,12.8994,0,30,20,0
67.0797,12.886,0,30,20,0
67.0139,12.8727,0,30,20,0
66.9481,12.8593,0,30,20,0
66.8824,12.846,0,30,20,0
66.8168,12.8328,0,30,20,0
66.7513,12.8195,0,30,20,0
66.6858,12.8063,0,30,20,0
66.6203,12.7931,0,30,20,0
66.555,12.7799,0,30,20,0
66.4897,12.7667,0,30,20,0
66.4245,12.7536,0,30,20,0
66.3593,12.7404,0,30,20,0
66.2943,12.7273,0,30,20,0
66.2292,12.7143,0,30,20,0
66.1643,12.7012,0,30,20,0
66.0994,12.6882,0,30,20,0
66.0346,12.6752,0,30,20,0
65.9698,12.6622,0,30,20,0
65.9052,12.6492,0,30,20,0
65.8405,12.6363,0,30,20,0
65.776,12.6234,0,30,20,0
65.7115,12.6105,0,30,20,0
65.6471,12.5976,0,30,20,0
65.5827,12.5848,0,30,20,0
65.5184,12.5719,0,30,20,0
65.4542,12.5591,0,30,20,0
65.3901,12.5464,0,30,20,0
65.326,12.5336,0,30,20,0
65.2619,12.5209,0,30,20,0
65.198,12.5081,0,30,20,0
65.1341,12.4955,0,30,20,0
65.0703,12.4828,0,30,20,0
65.0065,12.4701,0,30,20,0
64.9428,12.4575,0,30,20,0
64.5193,12.4449,1772.44,1802.44,1201.63,1181.63
64.0931,12.3613,1772.29,1802.29,1201.53,1181.53
63.664,12.2776,1772.13,1802.13,1201.42,1181.42
63.2321,12.1938,1771.97,1801.97,1201.31,1181.31
62.7972,12.1098,1771.8,1801.8,1201.2,1181.2
62.3593,12.0256,1771.63,1801.63,1201.09,1181.09
61.9183,11.9413,1771.46,1801.46,1200.97,1180.97
61.4741,11.8569,1771.28,1801.28,1200.85,1180.85
61.0268,11.7722,1771.09,1801.09,1200.73,1180.73
60.5762,11.6874,1770.9,1800.9,1200.6,1180.6
60.1222,11.6024,1770.7,1800.7,1200.47,1180.47
59.6648,11.5173,1770.5,1800.5,1200.33,1180.33
59.2039,11.432,1770.29,1800.29,1200.2,1180.2
58.7394,11.3465,1770.08,1800.08,1200.05,1180.05
58.2712,11.2608,1769.86,1799.86,1199.9,1179.9
57.7993,11.1749,1769.63,1799.63,1199.75,1179.75
57.3235,11.0888,1769.39,1799.39,1199.59,1179.59
56.8438,11.0025,1769.14,1799.14,1199.43,1179.43
56.36,10.9161,1768.89,1798.89,1199.26,1179.26
55.8721,10.8294,1768.63,1798.63,1199.09,1179.09
55.3799,10.7425,1768.36,1798.36,1198.91,1178.91
54.8833,10.6553,1768.08,1798.08,1198.72,1178.72
54.3833,10.568,1764.07,1794.07,1196.05,1176.05
53.8833,10.4806,1747.85,1777.85,1185.23,1165.23
53.3833,10.3937,1731.63,1761.63,1174.42,1154.42
52.8833,10.3074,1715.41,1745.41,1163.61,1143.61
52.3833,10.2217,1699.19,1729.19,1152.8,1132.8
51.8833,10.1365,1682.98,1712.98,1141.98,1121.98
51.3833,10.0519,1666.76,1696.76,1131.17,1111.17
50.8833,9.96787,1650.54,1680.54,1120.36,1100.36
50.3833,9.88437,1634.32,1664.32,1109.55,1089.55
49.8833,9.80143,1618.1,1648.1,1098.73,1078.73
49.3833,9.71904,1601.88,1631.88,1087.92,1067.92
48.8833,9.63721,1585.66,1615.66,1077.11,1057.11
48.3833,9.55595,1569.44,1599.44,1066.3,1046.3
47.8833,9.47523,1553.22,1583.22,1055.48,1035.48
47.3833,9.39508,1537.01,1567.01,1044.67,1024.67
46.8833,9.31548,1520.79,1550.79,1033.86,1013.86
46.3833,9.23644,1504.57,1534.57,1023.05,1003.05
45.8833,9.15796,1488.35,1518.35,1012.23,992.233
45.3833,9.08004,1472.13,1502.13,1001.42,981.42
44.8833,9.00267,1455.91,1485.91,990.608,970.608
44.3833,8.92587,1439.69,1469.69,979.795,959.795
43.8833,8.84962,1423.47,1453.47,968.983,948.983
43.3833,8.77392,1407.26,1437.26,958.17,938.17
42.8833,8.69879,1391.04,1421.04,947.358,927.358
42.3833,8.62421,1374.82,1404.82,936.545,916.545
41.8833,8.55019,1358.6,1388.6,925.732,905.732
41.3833,8.47673,1342.38,1372.38,914.92,894.92
40.8833,8.40382,1326.16,1356.16,904.107,884.107
40.3833,8.33148,1309.94,1339.94,893.295,873.295
39.8833,8.25969,1293.72,1323.72,882.482,862.482
39.3833,8.18845,1277.5,1307.5,871.67,851.67
38.8833,8.11778,1261.29,1291.29,860.857,840.857
38.3833,8.04766,1245.07,1275.07,850.044,830.044
37.8833,7.9781,1228.85,1258.85,839.232,819.232
37.3833,7.9091,1212.63,1242.63,828.419,808.419
36.8833,7.84066,1196.41,1226.41,817.607,797.607
36.3833,7.77277,1180.19,1210.19,806.794,786.794
35.8833,7.70544,1163.97,1193.97,795.982,775.982
35.3833,7.63867,1147.75,1177.75,785.169,765.169
34.8833,7.57246,1131.53,1161.53,774.356,754.356
34.3833,7.5068,1115.32,1145.32,763.544,743.544
33.8833,7.4417,1099.1,1129.1,752.731,732.731
33.3833,7.37716,1082.88,1112.88,741.919,721.919
32.8833,7.31318,1066.66,1096.66,731.106,711.106
32.3833,7.24976,1050.44,1080.44,720.293,700.293
31.8833,7.18689,1034.22,1064.22,709.481,689.481
31.3833,7.12458,1018,1048,698.668,678.668
30.8833,7.06283,1001.78,1031.78,687.856,667.856
30.3833,7.00163,985.565,1015.56,677.043,657.043
29.8833,6.94099,969.346,999.346,666.231,646.231
29.3833,6.88091,953.127,983.127,655.418,635.418
28.8833,6.82139,936.908,966.908,644.605,624.605
28.3833,6.76243,920.689,950.689,633.793,613.793
27.8833,6.70402,904.471,934.471,622.98,602.98
27.3833,6.64617,888.252,918.252,612.168,592.168
26.8833,6.58888,872.033,902.033,601.355,581.355
26.3833,6.53215,855.814,885.814,590.543,570.543
25.8833,6.47597,839.595,869.595,579.73,559.73
25.3833,6.42035,823.376,853.376,568.917,548.917
24.8833,6.36529,807.157,837.157,558.105,538.105
24.3833,6.31079,790.938,820.938,547.292,527.292
23.8833,6.25684,774.72,804.72,536.48,516.48
23.3833,6.20345,758.501,788.501,525.667,505.667
22.8833,6.15062,742.282,772.282,514.855,494.855
22.3833,6.09835,726.063,756.063,504.042,484.042
21.8833,6.04664,709.844,739.844,493.229,473.229
21.3833,5.99548,693.625,723.625,482.417,462.417
20.8833,5.94488,677.406,707.406,471.604,451.604
20.3833,5.89484,661.188,691.188,460.792,440.792
19.8833,5.84535,644.969,674.969,449.979,429.979
19.3833,5.79642,628.75,658.75,439.167,419.167
18.8833,5.74805,612.531,642.531,428.354,408.354
18.3833,5.70024,596.312,626.312,417.541,397.541
17.8833,5.65299,580.093,610.093,406.729,386.729
17.3833,5.60629,563.874,593.874,395.916,375.916
16.8833,5.56015,547.656,577.656,385.104,365.104
16.3833,5.51457,531.437,561.437,374.291,354.291
15.8833,5.46955,515.218,545.218,363.479,343.479
15.3833,5.42508,498.999,528.999,352.666,332.666
14.8833,5.38117,482.78,512.78,341.853,321.853
14.3833,5.33782,466.561,496.561,331.041,311.041
13.8833,5.29503,450.342,480.342,320.228,300.228
13.3833,5.25279,434.124,464.124,309.416,289.416
12.8833,5.21111,417.905,447.905,298.603,278.603
12.3833,5.16999,401.686,431.686,287.791,267.791
11.8833,5.12943,385.467,415.467,276.978,256.978
11.3833,5.08942,369.248,399.248,266.165,246.165
10.8833,5.04998,353.029,383.029,255.353,235.353
10.3833,5.01109,336.81,366.81,244.54,224.54
9.88329,4.97275,320.592,350.592,233.728,213.728
9.38329,4.93498,304.373,334.373,222.915,202.915
8.88329,4.89776,288.154,318.154,212.103,192.103
8.38329,4.8611,271.935,301.935,201.29,181.29
7.88329,4.825,255.716,285.716,190.477,170.477
7.38329,4.78946,239.497,269.497,179.665,159.665
6.88329,4.75447,223.278,253.278,168.852,148.852
6.38329,4.72004,207.059,237.059,158.04,138.04
5.88329,4.68617,190.841,220.841,147.227,127.227
5.38329,4.65286,174.622,204.622,136.415,116.415
4.88329,4.6201,158.403,188.403,125.602,105.602
4.38329,4.5879,142.184,172.184,114.789,94.7894
3.88329,4.55626,125.965,155.965,103.977,83.9768
3.38329,4.52518,109.746,139.746,93.1642,73.1642
2.88329,4.49465,93.5275,123.527,82.3516,62.3516
2.38329,4.46468,77.3086,107.309,71.5391,51.5391
1.88329,4.43527,61.0897,91.0897,60.7265,40.7265
1.38329,4.40642,44.8709,74.8709,49.9139,29.9139
0.883293,4.37812,28.652,58.652,39.1013,19.1013
0.383293,4.35039,12.4331,42.4331,28.2888,8.28876
