Phase,Iteration,Time,Speed,Acceleration,F Motor,F Res,F Total,F Motor/TM,F Res/TM,Torque,RPM,P_wheel,P_motor Out,P_motor In,P_vvvf, P_catenary,Catenary current,VVVF current
Starting,0,0,0,1,110.881,13.1031,97.7778,4.62004,0.717125,15.8929,9.25319,15.4001,15.7144,17.6566,18.3923,48.3923,32.2616,12.2616
Accelerating,1,0.5,0.5,1,110.881,4.30275,97.7778,4.62004,0.717125,15.8929,9.25319,15.4001,15.7144,17.6566,18.3923,48.3923,32.2616,12.2616
Accelerating,2,1,1.04487,1.08973,110.881,4.3295,106.551,4.62004,0.721584,15.8929,19.3367,32.1821,32.8389,36.8976,38.435,68.435,45.6234,25.6234
Accelerating,3,1.5,1.58958,1.08943,110.881,4.35929,106.522,4.62004,0.726548,15.8929,29.4174,48.9594,49.9586,56.1332,58.4721,88.4721,58.9814,38.9814
Accelerating,4,2,2.13414,1.08911,110.881,4.38973,106.491,4.62004,0.731622,15.8929,39.4951,65.7319,67.0734,75.3634,78.5035,108.503,72.3357,52.3357
Accelerating,5,2.5,2.67853,1.0888,110.881,4.42083,106.46,4.62004,0.736804,15.8929,49.57,82.4995,84.1832,94.5879,98.529,128.529,85.686,65.686
Accelerating,6,3,3.22277,1.08847,110.881,4.45257,106.428,4.62004,0.742095,15.8929,59.6418,99.2621,101.288,113.807,118.549,148.549,99.0324,79.0324
Accelerating,7,3.5,3.76684,1.08814,110.881,4.48497,106.396,4.62004,0.747495,15.8929,69.7106,116.02,118.387,133.02,138.562,168.562,112.375,92.3747
Accelerating,8,4,4.31074,1.0878,110.881,4.51802,106.363,4.62004,0.753003,15.8929,79.7762,132.772,135.482,152.226,158.569,188.569,125.713,105.713
Accelerating,9,4.5,4.85447,1.08746,110.881,4.55172,106.329,4.62004,0.758619,15.8929,89.8387,149.519,152.57,171.427,178.57,208.57,139.047,119.047
Accelerating,10,5,5.39802,1.08711,110.881,4.58606,106.295,4.62004,0.764344,15.8929,99.8979,166.261,169.654,190.622,198.565,228.565,152.376,132.376
Accelerating,11,5.5,5.9414,1.08675,110.881,4.62106,106.26,4.62004,0.770176,15.8929,109.954,182.997,186.731,209.81,218.552,248.552,165.702,145.702
Accelerating,12,6,6.48459,1.08638,110.881,4.6567,106.224,4.62004,0.776116,15.8929,120.006,199.727,203.803,228.992,238.534,268.534,179.022,159.022
Accelerating,13,6.5,7.0276,1.08601,110.881,4.69299,106.188,4.62004,0.782164,15.8929,130.055,216.452,220.869,248.168,258.508,288.508,192.339,172.339
Accelerating,14,7,7.57041,1.08564,110.881,4.72992,106.151,4.62004,0.78832,15.8929,140.101,233.171,237.929,267.336,278.475,308.475,205.65,185.65
Accelerating,15,7.5,8.11304,1.08525,110.881,4.7675,106.113,4.62004,0.794583,15.8929,150.143,249.884,254.983,286.498,298.436,328.436,218.957,198.957
Accelerating,16,8,8.65547,1.08486,110.881,4.80572,106.075,4.62004,0.800953,15.8929,160.181,266.591,272.031,305.653,318.389,348.389,232.259,212.259
Accelerating,17,8.5,9.1977,1.08446,110.881,4.84458,106.036,4.62004,0.807431,15.8929,170.216,283.292,289.073,324.801,338.335,368.335,245.556,225.556
Accelerating,18,9,9.73973,1.08406,110.881,4.88409,105.997,4.62004,0.814015,15.8929,180.247,299.986,306.108,343.942,358.273,388.273,258.849,238.849
Accelerating,19,9.5,10.2816,1.08365,110.881,4.92424,105.957,4.62004,0.820706,15.8929,190.274,316.675,323.137,363.076,378.204,408.204,272.136,252.136
Accelerating,20,10,10.8232,1.08323,110.881,4.96502,105.916,4.62004,0.827504,15.8929,200.298,333.356,340.16,382.202,398.127,428.127,285.418,265.418
Accelerating,21,10.5,11.3646,1.08281,110.881,5.00645,105.874,4.62004,0.834408,15.8929,210.317,350.032,357.175,401.321,418.042,448.042,298.695,278.695
Accelerating,22,11,11.9058,1.08238,110.881,5.04851,105.832,4.62004,0.841418,15.8929,220.333,366.701,374.184,420.432,437.95,467.95,311.966,291.966
Accelerating,23,11.5,12.4467,1.08194,110.881,5.09121,105.79,4.62004,0.848535,15.8929,230.344,383.363,391.186,439.535,457.849,487.849,325.233,305.233
Accelerating,24,12,12.9875,1.0815,110.881,5.13455,105.746,4.62004,0.855758,15.8929,240.351,400.018,408.181,458.631,477.74,507.74,338.494,318.494
Accelerating,25,12.5,13.528,1.08105,110.881,5.17852,105.702,4.62004,0.863086,15.8929,250.354,416.666,425.169,477.718,497.623,527.623,351.749,331.749
Accelerating,26,13,14.0683,1.08059,110.881,5.22312,105.658,4.62004,0.87052,15.8929,260.353,433.307,442.15,496.798,517.498,547.498,364.999,344.999
Accelerating,27,13.5,14.6084,1.08013,110.881,5.26835,105.613,4.62004,0.878059,15.8929,270.348,449.941,459.124,515.869,537.364,567.364,378.243,358.243
Accelerating,28,14,15.1482,1.07966,110.881,5.31422,105.567,4.62004,0.885704,15.8929,280.338,466.568,476.09,534.933,557.222,587.222,391.481,371.481
Accelerating,29,14.5,15.6878,1.07918,110.881,5.36072,105.52,4.62004,0.893453,15.8929,290.324,483.188,493.049,553.987,577.07,607.07,404.713,384.713
Accelerating,30,15,16.2271,1.0787,110.881,5.40784,105.473,4.62004,0.901307,15.8929,300.306,499.8,510,573.034,596.91,626.91,417.94,397.94
Accelerating,31,15.5,16.7662,1.07821,110.881,5.4556,105.425,4.62004,0.909267,15.8929,310.283,516.405,526.943,592.071,616.741,646.741,431.161,411.161
Accelerating,32,16,17.3051,1.07772,110.881,5.50398,105.377,4.62004,0.91733,15.8929,320.255,533.002,543.879,611.1,636.563,666.563,444.375,424.375
Accelerating,33,16.5,17.8437,1.07722,110.881,5.55299,105.328,4.62004,0.925498,15.8929,330.223,549.591,560.807,630.12,656.375,686.375,457.584,437.584
Accelerating,34,17,18.3821,1.07671,110.881,5.60262,105.278,4.62004,0.93377,15.8929,340.186,566.172,577.727,649.131,676.179,706.179,470.786,450.786
Accelerating,35,17.5,18.9202,1.0762,110.881,5.65287,105.228,4.62004,0.942145,15.8929,350.144,582.746,594.639,668.133,695.972,725.972,483.982,463.982
Accelerating,36,18,19.458,1.07568,110.881,5.70375,105.177,4.62004,0.950625,15.8929,360.097,599.311,611.542,687.126,715.756,745.756,497.171,477.171
Accelerating,37,18.5,19.9956,1.07515,110.881,5.75525,105.126,4.62004,0.959208,15.8929,370.046,615.869,628.438,706.11,735.531,765.531,510.354,490.354
Accelerating,38,19,20.5329,1.07462,110.881,5.80736,105.074,4.62004,0.967894,15.8929,379.99,632.418,645.325,725.084,755.296,785.296,523.53,503.53
Accelerating,39,19.5,21.0699,1.07408,110.881,5.8601,105.021,4.62004,0.976683,15.8929,389.928,648.959,662.203,744.048,775.05,805.05,536.7,516.7
Accelerating,40,20,21.6067,1.07353,110.881,5.91345,104.967,4.62004,0.985575,15.8929,399.862,665.492,679.073,763.003,794.795,824.795,549.863,529.863
Accelerating,41,20.5,22.1432,1.07298,110.881,5.96742,104.914,4.62004,0.994569,15.8929,409.79,682.016,695.934,781.949,814.53,844.53,563.02,543.02
Accelerating,42,21,22.6794,1.07242,110.881,6.022,104.859,4.62004,1.00367,15.8929,419.714,698.531,712.787,800.884,834.254,864.254,576.169,556.169
Accelerating,43,21.5,23.2153,1.07186,110.881,6.07719,104.804,4.62004,1.01287,15.8929,429.632,715.038,729.63,819.809,853.968,883.968,589.312,569.312
Accelerating,44,22,23.751,1.07129,110.881,6.133,104.748,4.62004,1.02217,15.8929,439.544,731.536,746.465,838.725,873.672,903.672,602.448,582.448
Accelerating,45,22.5,24.2863,1.07071,110.881,6.18942,104.692,4.62004,1.03157,15.8929,449.452,748.025,763.291,857.63,893.364,923.364,615.576,595.576
Accelerating,46,23,24.8214,1.07013,110.881,6.24644,104.634,4.62004,1.04107,15.8929,459.354,764.505,780.107,876.525,913.046,943.046,628.698,608.698
Accelerating,47,23.5,25.3561,1.06954,110.881,6.30408,104.577,4.62004,1.05068,15.8929,469.251,780.976,796.914,895.409,932.718,962.718,641.812,621.812
Accelerating,48,24,25.8906,1.06894,110.881,6.36232,104.519,4.62004,1.06039,15.8929,479.142,797.438,813.712,914.283,952.378,982.378,654.919,634.919
Accelerating,49,24.5,26.4248,1.06834,110.881,6.42116,104.46,4.62004,1.07019,15.8929,489.027,813.89,830.5,933.146,972.027,1002.03,668.018,648.018
Accelerating,50,25,26.9586,1.06773,110.881,6.48061,104.4,4.62004,1.0801,15.8929,498.907,830.333,847.279,951.999,991.665,1021.67,681.11,661.11
Accelerating,51,25.5,27.4922,1.06712,110.881,6.54066,104.34,4.62004,1.09011,15.8929,508.781,846.767,864.048,970.84,1011.29,1041.29,694.195,674.195
Accelerating,52,26,28.0255,1.0665,110.881,6.60131,104.28,4.62004,1.10022,15.8929,518.65,863.191,880.807,989.671,1030.91,1060.91,707.272,687.272
Accelerating,53,26.5,28.5584,1.06587,110.881,6.66256,104.218,4.62004,1.11043,15.8929,528.513,879.606,897.557,1008.49,1050.51,1080.51,720.341,700.341
Accelerating,54,27,29.091,1.06524,110.881,6.72441,104.157,4.62004,1.12074,15.8929,538.37,896.011,914.296,1027.3,1070.1,1100.1,733.402,713.402
Accelerating,55,27.5,29.6233,1.0646,110.881,6.78686,104.094,4.62004,1.13114,15.8929,548.22,912.406,931.026,1046.1,1089.68,1119.68,746.456,726.456
Accelerating,56,28,30.1553,1.06395,110.881,6.8499,104.031,4.62004,1.14165,15.8929,558.065,928.791,947.745,1064.88,1109.25,1139.25,759.502,739.502
Accelerating,57,28.5,30.6869,1.0633,110.881,6.91353,103.967,4.62004,1.15225,15.8929,567.904,945.166,964.455,1083.66,1128.81,1158.81,772.54,752.54
Accelerating,58,29,31.2183,1.06265,110.881,6.97775,103.903,4.62004,1.16296,15.8929,577.737,961.53,981.153,1102.42,1148.35,1178.35,785.569,765.569
Accelerating,59,29.5,31.7493,1.06198,110.881,7.04257,103.838,4.62004,1.17376,15.8929,587.564,977.885,997.842,1121.17,1167.89,1197.89,798.591,778.591
Accelerating,60,30,32.2799,1.06131,110.881,7.10797,103.773,4.62004,1.18466,15.8929,597.385,994.229,1014.52,1139.91,1187.41,1217.41,811.604,791.604
Accelerating,61,30.5,32.8102,1.06064,110.881,7.17396,103.707,4.62004,1.19566,15.8929,607.199,1010.56,1031.19,1158.64,1206.91,1236.91,824.609,804.609
Accelerating,62,31,33.3402,1.05996,110.881,7.24053,103.64,4.62004,1.20676,15.8929,617.007,1026.89,1047.84,1177.35,1226.41,1256.41,837.606,817.606
Accelerating,63,31.5,33.8698,1.05927,110.881,7.30769,103.573,4.62004,1.21795,15.8929,626.808,1043.2,1064.49,1196.06,1245.89,1275.89,850.594,830.594
Accelerating,64,32,34.3991,1.05858,110.881,7.37544,103.505,4.62004,1.22924,15.8929,636.604,1059.5,1081.12,1214.75,1265.36,1295.36,863.574,843.574
Accelerating,65,32.5,34.9281,1.05788,110.881,7.44376,103.437,4.62004,1.24063,15.8929,646.392,1075.79,1097.75,1233.43,1284.82,1314.82,876.545,856.545
Accelerating,66,33,35.4567,1.05718,110.881,7.51266,103.368,4.62004,1.25211,15.8929,656.175,1092.07,1114.36,1252.09,1304.26,1334.26,889.508,869.508
Accelerating,67,33.5,35.9776,1.04186,109.453,7.58214,101.871,4.56054,1.26369,15.6882,665.815,1093.85,1116.17,1254.12,1306.38,1336.38,890.92,870.92
Accelerating,68,34,36.4901,1.02494,107.868,7.65122,100.217,4.4945,1.2752,15.4611,675.299,1093.36,1115.68,1253.57,1305.8,1335.8,890.535,870.535
Accelerating,69,34.5,36.9944,1.00875,106.353,7.71977,98.6334,4.43138,1.28663,15.2439,684.633,1092.91,1115.21,1253.05,1305.26,1335.26,890.173,870.173
Accelerating,70,35,37.491,0.993225,104.903,7.78781,97.1153,4.37096,1.29797,15.0361,693.824,1092.48,1114.78,1252.56,1304.75,1334.75,889.831,869.831
Accelerating,71,35.5,37.9802,0.978323,103.514,7.85536,95.6582,4.31307,1.30923,14.8369,702.877,1092.07,1114.36,1252.09,1304.26,1334.26,889.508,869.508
Accelerating,72,36,38.4622,0.964002,102.18,7.92243,94.258,4.25752,1.32041,14.6459,711.797,1091.69,1113.97,1251.65,1303.8,1333.8,889.202,869.202
Accelerating,73,36.5,38.9373,0.950224,100.9,7.98905,92.9108,4.20416,1.33151,14.4623,720.589,1091.33,1113.6,1251.23,1303.37,1333.37,888.912,868.912
Accelerating,74,37,39.4058,0.936956,99.6687,8.05521,91.6135,4.15286,1.34254,14.2858,729.259,1090.98,1113.24,1250.84,1302.95,1332.95,888.636,868.636
Accelerating,75,37.5,39.8679,0.924165,98.4838,8.12095,90.3628,4.10349,1.35349,14.116,737.811,1090.65,1112.91,1250.46,1302.56,1332.56,888.374,868.374
Accelerating,76,38,40.3238,0.911823,97.3423,8.18627,89.1561,4.05593,1.36438,13.9524,746.248,1090.34,1112.59,1250.1,1302.19,1332.19,888.125,868.125
Accelerating,77,38.5,40.7737,0.899904,96.2417,8.25118,87.9906,4.01007,1.3752,13.7947,754.575,1090.04,1112.28,1249.76,1301.83,1331.83,887.887,867.887
Accelerating,78,39,41.2179,0.888382,95.1797,8.3157,86.864,3.96582,1.38595,13.6424,762.795,1089.75,1111.99,1249.43,1301.49,1331.49,887.66,867.66
Accelerating,79,39.5,41.6566,0.877235,94.154,8.37983,85.7741,3.92308,1.39664,13.4954,770.912,1089.48,1111.71,1249.12,1301.16,1331.16,887.443,867.443
Accelerating,80,40,42.0898,0.866444,93.1626,8.4436,84.719,3.88177,1.40727,13.3533,778.93,1089.22,1111.45,1248.82,1300.85,1330.85,887.236,867.236
Accelerating,81,40.5,42.5178,0.855989,92.2037,8.507,83.6967,3.84182,1.41783,13.2159,786.85,1088.97,1111.19,1248.53,1300.56,1330.56,887.037,867.037
Accelerating,82,41,42.9407,0.845852,91.2755,8.57004,82.7055,3.80315,1.42834,13.0828,794.677,1088.73,1110.95,1248.26,1300.27,1330.27,886.847,866.847
Accelerating,83,41.5,43.3587,0.836016,90.3766,8.63274,81.7438,3.76569,1.43879,12.954,802.413,1088.5,1110.72,1248,1300,1330,886.665,866.665
Accelerating,84,42,43.7719,0.826467,89.5053,8.69511,80.8102,3.72939,1.44918,12.8291,810.061,1088.28,1110.49,1247.74,1299.73,1329.73,886.489,866.489
Accelerating,85,42.5,44.1805,0.817191,88.6603,8.75714,79.9031,3.69418,1.45952,12.708,817.622,1088.07,1110.28,1247.5,1299.48,1329.48,886.321,866.321
Accelerating,86,43,44.5846,0.808174,87.8403,8.81885,79.0215,3.66001,1.46981,12.5904,825.1,1087.87,1110.07,1247.27,1299.24,1329.24,886.16,866.16
Accelerating,87,43.5,44.9843,0.799404,87.0442,8.88025,78.1639,3.62684,1.48004,12.4763,832.497,1087.67,1109.87,1247.05,1299.01,1329.01,886.004,866.004
Accelerating,88,44,45.3798,0.790869,86.2708,8.94134,77.3294,3.59462,1.49022,12.3655,839.815,1087.49,1109.68,1246.83,1298.78,1328.78,885.854,865.854
Accelerating,89,44.5,45.771,0.782559,85.519,9.00213,76.5169,3.56329,1.50036,12.2577,847.057,1087.3,1109.49,1246.62,1298.56,1328.56,885.71,865.71
Accelerating,90,45,46.1583,0.774464,84.7879,9.06262,75.7253,3.53283,1.51044,12.1529,854.223,1087.13,1109.32,1246.42,1298.36,1328.36,885.571,865.571
Accelerating,91,45.5,46.5416,0.766573,84.0766,9.12283,74.9538,3.50319,1.52047,12.051,861.316,1086.96,1109.14,1246.23,1298.15,1328.15,885.436,865.436
Accelerating,92,46,46.921,0.758879,83.3842,9.18274,74.2015,3.47434,1.53046,11.9517,868.338,1086.8,1108.98,1246.04,1297.96,1327.96,885.307,865.307
Accelerating,93,46.5,47.2967,0.751373,82.7099,9.24239,73.4675,3.44625,1.5404,11.8551,875.291,1086.64,1108.82,1245.86,1297.77,1327.77,885.182,865.182
Accelerating,94,47,47.6687,0.744046,82.0529,9.30175,72.7512,3.41887,1.55029,11.7609,882.176,1086.49,1108.66,1245.69,1297.59,1327.59,885.061,865.061
Accelerating,95,47.5,48.0372,0.736893,81.4126,9.36085,72.0517,3.39219,1.56014,11.6691,888.994,1086.34,1108.51,1245.52,1297.42,1327.42,884.943,864.943
Accelerating,96,48,48.4021,0.729905,80.7881,9.41969,71.3685,3.36617,1.56995,11.5796,895.748,1086.2,1108.37,1245.36,1297.25,1327.25,884.83,864.83
Accelerating,97,48.5,48.7636,0.723076,80.179,9.47826,70.7007,3.34079,1.57971,11.4923,902.439,1086.06,1108.23,1245.2,1297.08,1327.08,884.72,864.72
Accelerating,98,49,49.1218,0.7164,79.5845,9.53658,70.048,3.31602,1.58943,11.4071,909.068,1085.93,1108.09,1245.04,1296.92,1326.92,884.614,864.614
Accelerating,99,49.5,49.4768,0.709871,79.0042,9.59465,69.4096,3.29184,1.59911,11.3239,915.636,1085.8,1107.96,1244.9,1296.77,1326.77,884.511,864.511
Accelerating,100,50,49.8285,0.703483,78.4374,9.65247,68.785,3.26823,1.60875,11.2427,922.146,1085.67,1107.83,1244.75,1296.62,1326.62,884.411,864.411
Accelerating,101,50.5,50.1771,0.697231,77.8838,9.71005,68.1737,3.24516,1.61834,11.1633,928.598,1085.55,1107.71,1244.61,1296.47,1326.47,884.314,864.314
Accelerating,102,51,50.5227,0.691111,77.3426,9.76739,67.5753,3.22261,1.6279,11.0858,934.993,1085.43,1107.58,1244.48,1296.33,1326.33,884.22,864.22
Accelerating,103,51.5,50.8652,0.685116,76.8137,9.82449,66.9892,3.20057,1.63742,11.01,941.332,1085.32,1107.47,1244.35,1296.19,1326.19,884.129,864.129
Accelerating,104,52,51.2049,0.679244,76.2963,9.88136,66.415,3.17901,1.64689,10.9358,947.617,1085.21,1107.35,1244.22,1296.06,1326.06,884.04,864.04
Accelerating,105,52.5,51.5416,0.673489,75.7903,9.93801,65.8523,3.15793,1.65633,10.8633,953.849,1085.1,1107.24,1244.09,1295.93,1325.93,883.954,863.954
Accelerating,106,53,51.8755,0.667848,75.2951,9.99442,65.3007,3.1373,1.66574,10.7923,960.029,1084.99,1107.14,1243.97,1295.81,1325.81,883.87,863.87
Accelerating,107,53.5,52.2067,0.662317,74.8105,10.0506,64.7598,3.1171,1.6751,10.7228,966.157,1084.89,1107.03,1243.86,1295.68,1325.68,883.789,863.789
Accelerating,108,54,52.5351,0.656891,74.3359,10.1066,64.2293,3.09733,1.68443,10.6548,972.236,1084.79,1106.93,1243.74,1295.56,1325.56,883.709,863.709
Accelerating,109,54.5,52.8609,0.651567,73.8712,10.1623,63.7088,3.07797,1.69372,10.5882,978.265,1084.69,1106.83,1243.63,1295.45,1325.45,883.632,863.632
Accelerating,110,55,53.1841,0.646343,73.4159,10.2179,63.198,3.059,1.70298,10.5229,984.246,1084.6,1106.73,1243.52,1295.33,1325.33,883.557,863.557
Accelerating,111,55.5,53.5047,0.641215,72.9698,10.2732,62.6966,3.04041,1.7122,10.459,990.179,1084.51,1106.64,1243.42,1295.23,1325.23,883.483,863.483
Accelerating,112,56,53.8228,0.636179,72.5325,10.3283,62.2042,3.02219,1.72139,10.3963,996.066,1084.42,1106.55,1243.31,1295.12,1325.12,883.412,863.412
Accelerating,113,56.5,54.1384,0.631234,72.1039,10.3833,61.7206,3.00433,1.73054,10.3349,1001.91,1084.33,1106.46,1243.21,1295.01,1325.01,883.342,863.342
Accelerating,114,57,54.4516,0.626375,71.6835,10.438,61.2456,2.98681,1.73966,10.2746,1007.7,1084.25,1106.37,1243.12,1294.91,1324.91,883.275,863.275
Accelerating,115,57.5,54.7624,0.621601,71.2712,10.4925,60.7787,2.96963,1.74875,10.2155,1013.45,1084.16,1106.29,1243.02,1294.81,1324.81,883.208,863.208
Accelerating,116,58,55.0709,0.616908,70.8667,10.5468,60.3199,2.95278,1.7578,10.1576,1019.16,1084.08,1106.21,1242.93,1294.72,1324.72,883.144,863.144
Accelerating,117,58.5,55.377,0.612296,70.4698,10.6009,59.8689,2.93624,1.76682,10.1007,1024.83,1084,1106.12,1242.84,1294.62,1324.62,883.081,863.081
Accelerating,118,59,55.6809,0.60776,70.0802,10.6548,59.4254,2.92001,1.7758,10.0448,1030.45,1083.92,1106.05,1242.75,1294.53,1324.53,883.019,863.019
Accelerating,119,59.5,55.9825,0.603299,69.6978,10.7086,58.9892,2.90407,1.78476,9.99001,1036.03,1083.85,1105.97,1242.66,1294.44,1324.44,882.959,862.959
Accelerating,120,60,56.282,0.59891,69.3222,10.7621,58.5601,2.88843,1.79368,9.93618,1041.58,1083.78,1105.89,1242.58,1294.35,1324.35,882.9,862.9
Accelerating,121,60.5,56.5793,0.594592,68.9534,10.8154,58.1379,2.87306,1.80257,9.88332,1047.08,1083.7,1105.82,1242.49,1294.26,1324.26,882.843,862.843
Accelerating,122,61,56.8745,0.590343,68.591,10.8686,57.7224,2.85796,1.81143,9.83138,1052.54,1083.63,1105.75,1242.41,1294.18,1324.18,882.787,862.787
Accelerating,123,61.5,57.1675,0.586161,68.2351,10.9216,57.3135,2.84313,1.82026,9.78036,1057.96,1083.56,1105.68,1242.33,1294.1,1324.1,882.732,862.732
Accelerating,124,62,57.4586,0.582043,67.8853,10.9744,56.9109,2.82855,1.82906,9.73022,1063.35,1083.5,1105.61,1242.26,1294.02,1324.02,882.679,862.679
Accelerating,125,62.5,57.7476,0.577989,67.5414,11.027,56.5144,2.81423,1.83783,9.68094,1068.7,1083.43,1105.54,1242.18,1293.94,1323.94,882.626,862.626
Accelerating,126,63,58.0345,0.573995,67.2034,11.0794,56.124,2.80014,1.84657,9.63249,1074.01,1083.37,1105.48,1242.11,1293.86,1323.86,882.575,862.575
Accelerating,127,63.5,58.3196,0.570062,66.8711,11.1317,55.7394,2.78629,1.85528,9.58485,1079.28,1083.3,1105.41,1242.04,1293.79,1323.79,882.525,862.525
Accelerating,128,64,58.6027,0.566187,66.5442,11.1837,55.3605,2.77268,1.86396,9.53801,1084.52,1083.24,1105.35,1241.96,1293.71,1323.71,882.476,862.476
Accelerating,129,64.5,58.8839,0.562368,66.2228,11.2356,54.9871,2.75928,1.87261,9.49193,1089.73,1083.18,1105.29,1241.9,1293.64,1323.64,882.428,862.428
Accelerating,130,65,59.1632,0.558605,65.9066,11.2874,54.6192,2.74611,1.88123,9.44661,1094.9,1083.12,1105.23,1241.83,1293.57,1323.57,882.38,862.38
Accelerating,131,65.5,59.4406,0.554896,65.5954,11.3389,54.2565,2.73314,1.88982,9.40201,1100.03,1083.06,1105.17,1241.76,1293.5,1323.5,882.334,862.334
Accelerating,132,66,59.7162,0.551239,65.2892,11.3903,53.8989,2.72039,1.89839,9.35813,1105.13,1083.01,1105.11,1241.7,1293.43,1323.43,882.289,862.289
Accelerating,133,66.5,59.99,0.547633,64.9879,11.4415,53.5464,2.70783,1.90692,9.31493,1110.2,1082.95,1105.05,1241.63,1293.37,1323.37,882.245,862.245
Accelerating,134,67,60.2621,0.544077,64.6913,11.4926,53.1987,2.69547,1.91543,9.27242,1115.23,1082.9,1105,1241.57,1293.3,1323.3,882.202,862.202
Accelerating,135,67.5,60.5324,0.54057,64.3992,11.5435,52.8558,2.6833,1.92391,9.23056,1120.24,1082.84,1104.94,1241.51,1293.24,1323.24,882.159,862.159
Accelerating,136,68,60.8009,0.537111,64.1117,11.5942,52.5175,2.67132,1.93237,9.18934,1125.21,1082.79,1104.89,1241.45,1293.18,1323.18,882.117,862.117
Accelerating,137,68.5,61.0678,0.533697,63.8285,11.6448,52.1837,2.65952,1.94079,9.14875,1130.14,1082.74,1104.84,1241.39,1293.11,1323.11,882.076,862.076
Accelerating,138,69,61.3329,0.530329,63.5496,11.6952,51.8544,2.6479,1.94919,9.10878,1135.05,1082.69,1104.79,1241.33,1293.05,1323.05,882.036,862.036
Accelerating,139,69.5,61.5964,0.527006,63.2749,11.7454,51.5295,2.63645,1.95757,9.0694,1139.93,1082.64,1104.74,1241.28,1293,1323,881.997,861.997
Accelerating,140,70,61.8583,0.523725,63.0042,11.7955,51.2087,2.62517,1.96591,9.0306,1144.77,1082.59,1104.69,1241.22,1292.94,1322.94,881.958,861.958
Accelerating,141,70.5,62.1185,0.520487,62.7375,11.8454,50.8921,2.61406,1.97423,8.99237,1149.59,1082.54,1104.64,1241.17,1292.88,1322.88,881.92,861.92
Accelerating,142,71,62.3772,0.51729,62.4746,11.8952,50.5795,2.60311,1.98253,8.9547,1154.38,1082.5,1104.59,1241.11,1292.82,1322.82,881.883,861.883
Accelerating,143,71.5,62.6343,0.514133,62.2156,11.9448,50.2708,2.59232,1.99079,8.91757,1159.13,1082.45,1104.54,1241.06,1292.77,1322.77,881.847,861.847
Accelerating,144,72,62.8898,0.511016,61.9602,11.9942,49.966,2.58168,1.99904,8.88096,1163.86,1082.41,1104.5,1241.01,1292.72,1322.72,881.811,861.811
Accelerating,145,72.5,63.1437,0.507937,61.7085,12.0435,49.665,2.57119,2.00725,8.84488,1168.56,1082.36,1104.45,1240.96,1292.66,1322.66,881.775,861.775
Accelerating,146,73,63.3962,0.504896,61.4603,12.0927,49.3676,2.56085,2.01544,8.80931,1173.23,1082.32,1104.41,1240.91,1292.61,1322.61,881.741,861.741
Accelerating,147,73.5,63.6471,0.501892,61.2156,12.1416,49.0739,2.55065,2.02361,8.77423,1177.88,1082.28,1104.36,1240.86,1292.56,1322.56,881.707,861.707
Accelerating,148,74,63.8966,0.498924,60.9742,12.1905,48.7837,2.54059,2.03175,8.73963,1182.5,1082.23,1104.32,1240.81,1292.51,1322.51,881.673,861.673
Accelerating,149,74.5,64.1446,0.495992,60.7361,12.2392,48.497,2.53067,2.03986,8.70551,1187.08,1082.19,1104.28,1240.76,1292.46,1322.46,881.641,861.641
Accelerating,150,75,64.3911,0.493094,60.5013,12.2877,48.2136,2.52089,2.04795,8.67186,1191.65,1082.15,1104.24,1240.72,1292.41,1322.41,881.608,861.608
Accelerating,151,75.5,64.6362,0.490229,60.2697,12.3361,47.9335,2.51124,2.05602,8.63865,1196.18,1082.11,1104.2,1240.67,1292.36,1322.36,881.577,861.577
Accelerating,152,76,64.8799,0.487399,60.0411,12.3844,47.6567,2.50171,2.06406,8.60589,1200.69,1082.07,1104.16,1240.63,1292.32,1322.32,881.545,861.545
Accelerating,153,76.5,65.1222,0.4846,59.8156,12.4325,47.3831,2.49232,2.07208,8.57357,1205.18,1082.03,1104.12,1240.58,1292.27,1322.27,881.515,861.515
Accelerating,154,77,65.3626,0.480689,59.4812,12.4804,47.0007,2.47838,2.08007,8.52563,1209.63,1079.96,1102,1238.2,1289.79,1319.79,879.86,859.86
Accelerating,155,77.5,65.6005,0.475736,59.0445,12.5281,46.5164,2.46019,2.08802,8.46305,1214.03,1075.93,1097.89,1233.58,1284.98,1314.98,876.654,856.654
Accelerating,156,78,65.8359,0.470881,58.6171,12.5755,46.0417,2.44238,2.09591,8.40179,1218.38,1071.98,1093.85,1229.05,1280.26,1310.26,873.505,853.505
Accelerating,157,78.5,66.069,0.46612,58.1986,12.6224,45.5762,2.42494,2.10374,8.3418,1222.7,1068.09,1089.89,1224.59,1275.62,1305.62,870.411,850.411
Accelerating,158,79,66.2997,0.461451,57.7887,12.6691,45.1197,2.40786,2.11151,8.28305,1226.97,1064.27,1085.99,1220.21,1271.06,1301.06,867.371,847.371
Accelerating,159,79.5,66.5281,0.456872,57.3872,12.7153,44.6719,2.39114,2.11922,8.2255,1231.2,1060.52,1082.16,1215.91,1266.57,1296.57,864.383,844.383
Accelerating,160,80,66.7543,0.452378,56.9938,12.7613,44.2325,2.37474,2.12688,8.16911,1235.38,1056.83,1078.4,1211.68,1262.17,1292.17,861.445,841.445
Accelerating,161,80.5,66.9783,0.447968,56.6082,12.8069,43.8014,2.35868,2.13448,8.11385,1239.53,1053.2,1074.69,1207.52,1257.84,1287.84,858.557,838.557
Accelerating,162,81,67.2001,0.44364,56.2303,12.8521,43.3781,2.34293,2.14202,8.05967,1243.63,1049.63,1071.05,1203.43,1253.57,1283.57,855.717,835.717
Accelerating,163,81.5,67.4198,0.43939,55.8597,12.8971,42.9626,2.32749,2.14951,8.00655,1247.7,1046.12,1067.47,1199.41,1249.38,1279.38,852.923,832.923
Accelerating,164,82,67.6374,0.435216,55.4962,12.9417,42.5545,2.31234,2.15695,7.95445,1251.72,1042.67,1063.95,1195.45,1245.26,1275.26,850.174,830.174
Accelerating,165,82.5,67.853,0.431117,55.1397,12.986,42.1537,2.29749,2.16433,7.90335,1255.71,1039.28,1060.48,1191.56,1241.2,1271.2,847.469,827.469
Accelerating,166,83,68.0665,0.42709,54.7899,13.03,41.7599,2.28291,2.17166,7.85322,1259.67,1035.93,1057.07,1187.72,1237.21,1267.21,844.808,824.808
Accelerating,167,83.5,68.2781,0.423133,54.4466,13.0737,41.373,2.26861,2.17894,7.80402,1263.58,1032.64,1053.72,1183.95,1233.28,1263.28,842.189,822.189
Accelerating,168,84,68.4877,0.419244,54.1098,13.117,40.9927,2.25457,2.18617,7.75573,1267.46,1029.4,1050.41,1180.24,1229.41,1259.41,839.61,819.61
Accelerating,169,84.5,68.6954,0.415421,53.779,13.1601,40.6189,2.24079,2.19335,7.70833,1271.3,1026.21,1047.16,1176.58,1225.61,1255.61,837.071,817.071
Accelerating,170,85,68.9013,0.411662,53.4543,13.2029,40.2514,2.22726,2.20048,7.66178,1275.11,1023.07,1043.95,1172.98,1221.86,1251.86,834.571,814.571
Accelerating,171,85.5,69.1052,0.407966,53.1354,13.2454,39.89,2.21398,2.20756,7.61607,1278.89,1019.98,1040.8,1169.44,1218.16,1248.16,832.108,812.108
Accelerating,172,86,69.3074,0.404331,52.8222,13.2876,39.5346,2.20092,2.21459,7.57118,1282.63,1016.94,1037.69,1165.94,1214.52,1244.52,829.683,809.683
Accelerating,173,86.5,69.5078,0.400756,52.5145,13.3295,39.185,2.1881,2.22158,7.52708,1286.34,1013.93,1034.63,1162.5,1210.94,1240.94,827.293,807.293
Accelerating,174,87,69.7064,0.397238,52.2121,13.3711,38.841,2.17551,2.22852,7.48374,1290.01,1010.98,1031.61,1159.11,1207.41,1237.41,824.939,804.939
Accelerating,175,87.5,69.9033,0.393776,51.915,13.4125,38.5026,2.16313,2.23541,7.44115,1293.66,1008.06,1028.64,1155.77,1203.93,1233.93,822.619,802.619
Accelerating,176,88,70.0985,0.390369,51.623,13.4535,38.1695,2.15096,2.24226,7.39929,1297.27,1005.19,1025.71,1152.48,1200.5,1230.5,820.333,800.333
Coasting,177,88.5,70.0295,-0.13801,0,13.4943,-13.4943,0,2.24906,0,1295.99,0,0,0,0,30,20,0
Coasting,178,89,69.9605,-0.137863,0,13.4799,-13.4799,0,2.24665,0,1294.72,0,0,0,0,30,20,0
Coasting,179,89.5,69.8917,-0.137715,0,13.4655,-13.4655,0,2.24425,0,1293.44,0,0,0,0,30,20,0
Coasting,180,90,69.8229,-0.137568,0,13.4511,-13.4511,0,2.24185,0,1292.17,0,0,0,0,30,20,0
Coasting,181,90.5,69.7542,-0.137421,0,13.4368,-13.4368,0,2.23946,0,1290.9,0,0,0,0,30,20,0
Coasting,182,91,69.6855,-0.137275,0,13.4224,-13.4224,0,2.23707,0,1289.63,0,0,0,0,30,20,0
Coasting,183,91.5,69.617,-0.137128,0,13.4081,-13.4081,0,2.23468,0,1288.36,0,0,0,0,30,20,0
Coasting,184,92,69.5485,-0.136982,0,13.3938,-13.3938,0,2.2323,0,1287.09,0,0,0,0,30,20,0
Coasting,185,92.5,69.4801,-0.136837,0,13.3796,-13.3796,0,2.22993,0,1285.83,0,0,0,0,30,20,0
Coasting,186,93,69.4117,-0.136691,0,13.3653,-13.3653,0,2.22756,0,1284.56,0,0,0,0,30,20,0
Coasting,187,93.5,69.3435,-0.136546,0,13.3511,-13.3511,0,2.22519,0,1283.3,0,0,0,0,30,20,0
Coasting,188,94,69.2753,-0.136401,0,13.337,-13.337,0,2.22283,0,1282.03,0,0,0,0,30,20,0
Coasting,189,94.5,69.2071,-0.136256,0,13.3228,-13.3228,0,2.22047,0,1280.77,0,0,0,0,30,20,0
Coasting,190,95,69.1391,-0.136111,0,13.3087,-13.3087,0,2.21811,0,1279.51,0,0,0,0,30,20,0
Coasting,191,95.5,69.0711,-0.135967,0,13.2946,-13.2946,0,2.21576,0,1278.26,0,0,0,0,30,20,0
Coasting,192,96,69.0032,-0.135823,0,13.2805,-13.2805,0,2.21341,0,1277,0,0,0,0,30,20,0
Coasting,193,96.5,68.9353,-0.135679,0,13.2664,-13.2664,0,2.21107,0,1275.74,0,0,0,0,30,20,0
Coasting,194,97,68.8676,-0.135536,0,13.2524,-13.2524,0,2.20873,0,1274.49,0,0,0,0,30,20,0
Coasting,195,97.5,68.7999,-0.135393,0,13.2384,-13.2384,0,2.2064,0,1273.24,0,0,0,0,30,20,0
Coasting,196,98,68.7322,-0.13525,0,13.2244,-13.2244,0,2.20407,0,1271.99,0,0,0,0,30,20,0
Coasting,197,98.5,68.6647,-0.135107,0,13.2105,-13.2105,0,2.20175,0,1270.74,0,0,0,0,30,20,0
Coasting,198,99,68.5972,-0.134965,0,13.1965,-13.1965,0,2.19942,0,1269.49,0,0,0,0,30,20,0
Coasting,199,99.5,68.5298,-0.134822,0,13.1826,-13.1826,0,2.19711,0,1268.24,0,0,0,0,30,20,0
Coasting,200,100,68.4625,-0.134681,0,13.1688,-13.1688,0,2.19479,0,1266.99,0,0,0,0,30,20,0
Coasting,201,100.5,68.3952,-0.134539,0,13.1549,-13.1549,0,2.19249,0,1265.75,0,0,0,0,30,20,0
Coasting,202,101,68.328,-0.134397,0,13.1411,-13.1411,0,2.19018,0,1264.5,0,0,0,0,30,20,0
Coasting,203,101.5,68.2609,-0.134256,0,13.1273,-13.1273,0,2.18788,0,1263.26,0,0,0,0,30,20,0
Coasting,204,102,68.1938,-0.134115,0,13.1135,-13.1135,0,2.18558,0,1262.02,0,0,0,0,30,20,0
Coasting,205,102.5,68.1268,-0.133975,0,13.0997,-13.0997,0,2.18329,0,1260.78,0,0,0,0,30,20,0
Coasting,206,103,68.0599,-0.133834,0,13.086,-13.086,0,2.181,0,1259.54,0,0,0,0,30,20,0
Coasting,207,103.5,67.9931,-0.133694,0,13.0723,-13.0723,0,2.17872,0,1258.31,0,0,0,0,30,20,0
Coasting,208,104,67.9263,-0.133554,0,13.0586,-13.0586,0,2.17644,0,1257.07,0,0,0,0,30,20,0
Coasting,209,104.5,67.8596,-0.133414,0,13.045,-13.045,0,2.17416,0,1255.84,0,0,0,0,30,20,0
Coasting,210,105,67.7929,-0.133275,0,13.0313,-13.0313,0,2.17189,0,1254.6,0,0,0,0,30,20,0
Coasting,211,105.5,67.7264,-0.133136,0,13.0177,-13.0177,0,2.16962,0,1253.37,0,0,0,0,30,20,0
Coasting,212,106,67.6599,-0.132997,0,13.0041,-13.0041,0,2.16736,0,1252.14,0,0,0,0,30,20,0
Coasting,213,106.5,67.5934,-0.132858,0,12.9906,-12.9906,0,2.1651,0,1250.91,0,0,0,0,30,20,0
Coasting,214,107,67.5271,-0.13272,0,12.977,-12.977,0,2.16284,0,1249.68,0,0,0,0,30,20,0
Coasting,215,107.5,67.4608,-0.132582,0,12.9635,-12.9635,0,2.16059,0,1248.46,0,0,0,0,30,20,0
Coasting,216,108,67.3946,-0.132444,0,12.95,-12.95,0,2.15834,0,1247.23,0,0,0,0,30,20,0
Coasting,217,108.5,67.3284,-0.132306,0,12.9366,-12.9366,0,2.15609,0,1246.01,0,0,0,0,30,20,0
Coasting,218,109,67.2623,-0.132168,0,12.9231,-12.9231,0,2.15385,0,1244.78,0,0,0,0,30,20,0
Coasting,219,109.5,67.1963,-0.132031,0,12.9097,-12.9097,0,2.15162,0,1243.56,0,0,0,0,30,20,0
Coasting,220,110,67.1304,-0.131894,0,12.8963,-12.8963,0,2.14939,0,1242.34,0,0,0,0,30,20,0
Coasting,221,110.5,67.0645,-0.131757,0,12.8829,-12.8829,0,2.14716,0,1241.12,0,0,0,0,30,20,0
Coasting,222,111,66.9987,-0.131621,0,12.8696,-12.8696,0,2.14493,0,1239.9,0,0,0,0,30,20,0
Coasting,223,111.5,66.9329,-0.131485,0,12.8563,-12.8563,0,2.14271,0,1238.69,0,0,0,0,30,20,0
Coasting,224,112,66.8673,-0.131349,0,12.843,-12.843,0,2.1405,0,1237.47,0,0,0,0,30,20,0
Coasting,225,112.5,66.8016,-0.131213,0,12.8297,-12.8297,0,2.13828,0,1236.26,0,0,0,0,30,20,0
Coasting,226,113,66.7361,-0.131077,0,12.8164,-12.8164,0,2.13607,0,1235.04,0,0,0,0,30,20,0
Coasting,227,113.5,66.6706,-0.130942,0,12.8032,-12.8032,0,2.13387,0,1233.83,0,0,0,0,30,20,0
Coasting,228,114,66.6052,-0.130807,0,12.79,-12.79,0,2.13167,0,1232.62,0,0,0,0,30,20,0
Coasting,229,114.5,66.5399,-0.130672,0,12.7768,-12.7768,0,2.12947,0,1231.41,0,0,0,0,30,20,0
Coasting,230,115,66.4746,-0.130537,0,12.7637,-12.7637,0,2.12728,0,1230.21,0,0,0,0,30,20,0
Coasting,231,115.5,66.4094,-0.130403,0,12.7505,-12.7505,0,2.12509,0,1229,0,0,0,0,30,20,0
Coasting,232,116,66.3443,-0.130269,0,12.7374,-12.7374,0,2.1229,0,1227.79,0,0,0,0,30,20,0
Coasting,233,116.5,66.2792,-0.130135,0,12.7243,-12.7243,0,2.12072,0,1226.59,0,0,0,0,30,20,0
Coasting,234,117,66.2142,-0.130001,0,12.7112,-12.7112,0,2.11854,0,1225.39,0,0,0,0,30,20,0
Coasting,235,117.5,66.1493,-0.129868,0,12.6982,-12.6982,0,2.11637,0,1224.18,0,0,0,0,30,20,0
Coasting,236,118,66.0844,-0.129735,0,12.6852,-12.6852,0,2.1142,0,1222.98,0,0,0,0,30,20,0
Coasting,237,118.5,66.0196,-0.129602,0,12.6722,-12.6722,0,2.11203,0,1221.78,0,0,0,0,30,20,0
Coasting,238,119,65.9549,-0.129469,0,12.6592,-12.6592,0,2.10987,0,1220.59,0,0,0,0,30,20,0
Coasting,239,119.5,65.8902,-0.129337,0,12.6462,-12.6462,0,2.10771,0,1219.39,0,0,0,0,30,20,0
Coasting,240,120,65.8256,-0.129204,0,12.6333,-12.6333,0,2.10555,0,1218.19,0,0,0,0,30,20,0
Coasting,241,120.5,65.7611,-0.129072,0,12.6204,-12.6204,0,2.1034,0,1217,0,0,0,0,30,20,0
Coasting,242,121,65.6966,-0.12894,0,12.6075,-12.6075,0,2.10125,0,1215.81,0,0,0,0,30,20,0
Coasting,243,121.5,65.6322,-0.128809,0,12.5946,-12.5946,0,2.09911,0,1214.62,0,0,0,0,30,20,0
Coasting,244,122,65.5679,-0.128677,0,12.5818,-12.5818,0,2.09697,0,1213.42,0,0,0,0,30,20,0
Coasting,245,122.5,65.5036,-0.128546,0,12.569,-12.569,0,2.09483,0,1212.24,0,0,0,0,30,20,0
Coasting,246,123,65.4394,-0.128415,0,12.5562,-12.5562,0,2.0927,0,1211.05,0,0,0,0,30,20,0
Coasting,247,123.5,65.3752,-0.128285,0,12.5434,-12.5434,0,2.09057,0,1209.86,0,0,0,0,30,20,0
Coasting,248,124,65.3112,-0.128154,0,12.5306,-12.5306,0,2.08844,0,1208.67,0,0,0,0,30,20,0
Coasting,249,124.5,65.2472,-0.128024,0,12.5179,-12.5179,0,2.08632,0,1207.49,0,0,0,0,30,20,0
Coasting,250,125,65.1832,-0.127894,0,12.5052,-12.5052,0,2.0842,0,1206.31,0,0,0,0,30,20,0
Coasting,251,125.5,65.1193,-0.127764,0,12.4925,-12.4925,0,2.08209,0,1205.12,0,0,0,0,30,20,0
Coasting,252,126,65.0555,-0.127635,0,12.4799,-12.4799,0,2.07998,0,1203.94,0,0,0,0,30,20,0
Coasting,253,126.5,64.9918,-0.127506,0,12.4672,-12.4672,0,2.07787,0,1202.76,0,0,0,0,30,20,0
Coasting,254,127,64.9281,-0.127376,0,12.4546,-12.4546,0,2.07577,0,1201.58,0,0,0,0,30,20,0
Accelerating,255,127.5,65.1701,0.484049,59.7713,12.442,47.3293,2.49047,2.07367,8.56721,1206.06,1082.03,1104.11,1240.57,1292.26,1322.26,881.509,861.509
Accelerating,256,128,65.4099,0.479699,59.3939,12.4899,46.9039,2.47474,2.08165,8.51312,1210.5,1079.15,1101.18,1237.28,1288.83,1318.83,879.22,859.22
Accelerating,257,128.5,65.6473,0.474766,58.9591,12.5375,46.4215,2.45663,2.08959,8.4508,1214.89,1075.14,1097.08,1232.68,1284.04,1314.04,876.025,856.025
Accelerating,258,129,65.8823,0.469929,58.5335,12.5848,45.9486,2.43889,2.09747,8.3898,1219.24,1071.2,1093.06,1228.16,1279.33,1309.33,872.888,852.888
Accelerating,259,129.5,66.1149,0.465187,58.1167,12.6317,45.485,2.42153,2.10529,8.33006,1223.55,1067.33,1089.11,1223.72,1274.71,1304.71,869.804,849.804
Accelerating,260,130,66.3452,0.460536,57.7085,12.6783,45.0302,2.40452,2.11305,8.27155,1227.81,1063.52,1085.23,1219.36,1270.16,1300.16,866.775,846.775
Accelerating,261,130.5,66.5731,0.455974,57.3086,12.7245,44.5841,2.38786,2.12075,8.21423,1232.03,1059.78,1081.41,1215.07,1265.7,1295.7,863.797,843.797
Accelerating,262,131,66.7989,0.451497,56.9168,12.7704,44.1464,2.37153,2.12839,8.15807,1236.21,1056.1,1077.66,1210.85,1261.3,1291.3,860.869,840.869
Accelerating,263,131.5,67.0224,0.447104,56.5327,12.8159,43.7168,2.35553,2.13598,8.10302,1240.34,1052.49,1073.97,1206.71,1256.99,1286.99,857.99,837.99
Accelerating,264,132,67.2438,0.442791,56.1562,12.8611,43.2951,2.33984,2.14351,8.04906,1244.44,1048.93,1070.34,1202.63,1252.74,1282.74,855.159,835.159
Accelerating,265,132.5,67.4631,0.438557,55.787,12.906,42.8811,2.32446,2.15099,7.99614,1248.5,1045.44,1066.77,1198.62,1248.56,1278.56,852.374,832.374
Accelerating,266,133,67.6803,0.434398,55.425,12.9505,42.4745,2.30937,2.15842,7.94425,1252.52,1041.99,1063.26,1194.67,1244.45,1274.45,849.634,829.634
Accelerating,267,133.5,67.8955,0.430313,55.0698,12.9947,42.0751,2.29458,2.16579,7.89334,1256.5,1038.61,1059.8,1190.79,1240.41,1270.41,846.939,826.939
Accelerating,268,134,68.1086,0.4263,54.7213,13.0387,41.6827,2.28006,2.17311,7.84339,1260.44,1035.28,1056.4,1186.97,1236.43,1266.43,844.285,824.285
Accelerating,269,134.5,68.3198,0.422356,54.3794,13.0823,41.2971,2.26581,2.18038,7.79437,1264.35,1032,1053.06,1183.21,1232.51,1262.51,841.674,821.674
Accelerating,270,135,68.529,0.418481,54.0437,13.1256,40.9181,2.25182,2.1876,7.74626,1268.23,1028.77,1049.76,1179.51,1228.65,1258.65,839.103,819.103
Accelerating,271,135.5,68.7364,0.414671,53.7142,13.1686,40.5456,2.23809,2.19477,7.69903,1272.06,1025.59,1046.52,1175.86,1224.86,1254.86,836.572,816.572
Accelerating,272,136,68.9418,0.410925,53.3906,13.2113,40.1793,2.22461,2.20189,7.65266,1275.86,1022.46,1043.32,1172.27,1221.12,1251.12,834.079,814.079
Accelerating,273,136.5,69.1455,0.407241,53.0729,13.2538,39.8191,2.21137,2.20896,7.60711,1279.63,1019.37,1040.18,1168.74,1217.44,1247.44,831.625,811.625
Accelerating,274,137,69.3473,0.403618,52.7608,13.2959,39.4649,2.19836,2.21598,7.56237,1283.37,1016.34,1037.08,1165.26,1213.81,1243.81,829.206,809.206
Accelerating,275,137.5,69.5473,0.400054,52.4541,13.3377,39.1164,2.18559,2.22296,7.51842,1287.07,1013.34,1034.03,1161.83,1210.24,1240.24,826.824,806.824
Accelerating,276,138,69.7456,0.396547,52.1528,13.3793,38.7735,2.17303,2.22989,7.47524,1290.74,1010.4,1031.02,1158.45,1206.71,1236.71,824.476,804.476
Accelerating,277,138.5,69.9421,0.393096,51.8567,13.4206,38.4361,2.1607,2.23677,7.4328,1294.38,1007.49,1028.05,1155.11,1203.24,1233.24,822.163,802.163
Accelerating,278,139,70.137,0.3897,51.5657,13.4616,38.104,2.14857,2.24361,7.39108,1297.98,1004.63,1025.13,1151.83,1199.82,1229.82,819.883,799.883
Coasting,279,139.5,70.0679,-0.138093,0,13.5024,-13.5024,0,2.2504,0,1296.7,0,0,0,0,30,20,0
Coasting,280,140,69.9989,-0.137945,0,13.488,-13.488,0,2.24799,0,1295.43,0,0,0,0,30,20,0
Coasting,281,140.5,69.93,-0.137797,0,13.4735,-13.4735,0,2.24559,0,1294.15,0,0,0,0,30,20,0
Coasting,282,141,69.8612,-0.13765,0,13.4591,-13.4591,0,2.24319,0,1292.88,0,0,0,0,30,20,0
Coasting,283,141.5,69.7925,-0.137503,0,13.4448,-13.4448,0,2.24079,0,1291.61,0,0,0,0,30,20,0
Coasting,284,142,69.7238,-0.137356,0,13.4304,-13.4304,0,2.2384,0,1290.34,0,0,0,0,30,20,0
Coasting,285,142.5,69.6552,-0.13721,0,13.4161,-13.4161,0,2.23601,0,1289.07,0,0,0,0,30,20,0
Coasting,286,143,69.5867,-0.137064,0,13.4018,-13.4018,0,2.23363,0,1287.8,0,0,0,0,30,20,0
Coasting,287,143.5,69.5182,-0.136918,0,13.3875,-13.3875,0,2.23125,0,1286.53,0,0,0,0,30,20,0
Coasting,288,144,69.4498,-0.136772,0,13.3733,-13.3733,0,2.22888,0,1285.27,0,0,0,0,30,20,0
Coasting,289,144.5,69.3815,-0.136627,0,13.359,-13.359,0,2.22651,0,1284,0,0,0,0,30,20,0
Coasting,290,145,69.3133,-0.136481,0,13.3449,-13.3449,0,2.22414,0,1282.74,0,0,0,0,30,20,0
Coasting,291,145.5,69.2451,-0.136337,0,13.3307,-13.3307,0,2.22178,0,1281.48,0,0,0,0,30,20,0
Coasting,292,146,69.177,-0.136192,0,13.3165,-13.3165,0,2.21942,0,1280.22,0,0,0,0,30,20,0
Coasting,293,146.5,69.109,-0.136048,0,13.3024,-13.3024,0,2.21707,0,1278.96,0,0,0,0,30,20,0
Coasting,294,147,69.041,-0.135903,0,13.2883,-13.2883,0,2.21472,0,1277.7,0,0,0,0,30,20,0
Coasting,295,147.5,68.9731,-0.13576,0,13.2743,-13.2743,0,2.21238,0,1276.44,0,0,0,0,30,20,0
Coasting,296,148,68.9053,-0.135616,0,13.2602,-13.2602,0,2.21004,0,1275.19,0,0,0,0,30,20,0
Coasting,297,148.5,68.8376,-0.135473,0,13.2462,-13.2462,0,2.2077,0,1273.94,0,0,0,0,30,20,0
Coasting,298,149,68.7699,-0.135329,0,13.2322,-13.2322,0,2.20537,0,1272.68,0,0,0,0,30,20,0
Coasting,299,149.5,68.7023,-0.135187,0,13.2182,-13.2182,0,2.20304,0,1271.43,0,0,0,0,30,20,0
Coasting,300,150,68.6348,-0.135044,0,13.2043,-13.2043,0,2.20072,0,1270.18,0,0,0,0,30,20,0
Coasting,301,150.5,68.5674,-0.134902,0,13.1904,-13.1904,0,2.1984,0,1268.93,0,0,0,0,30,20,0
Coasting,302,151,68.5,-0.13476,0,13.1765,-13.1765,0,2.19608,0,1267.69,0,0,0,0,30,20,0
Coasting,303,151.5,68.4327,-0.134618,0,13.1626,-13.1626,0,2.19377,0,1266.44,0,0,0,0,30,20,0
Coasting,304,152,68.3654,-0.134476,0,13.1488,-13.1488,0,2.19146,0,1265.2,0,0,0,0,30,20,0
Coasting,305,152.5,68.2983,-0.134335,0,13.135,-13.135,0,2.18916,0,1263.95,0,0,0,0,30,20,0
Coasting,306,153,68.2312,-0.134194,0,13.1212,-13.1212,0,2.18686,0,1262.71,0,0,0,0,30,20,0
Coasting,307,153.5,68.1641,-0.134053,0,13.1074,-13.1074,0,2.18457,0,1261.47,0,0,0,0,30,20,0
Coasting,308,154,68.0972,-0.133912,0,13.0937,-13.0937,0,2.18228,0,1260.23,0,0,0,0,30,20,0
Coasting,309,154.5,68.0303,-0.133772,0,13.0799,-13.0799,0,2.17999,0,1259,0,0,0,0,30,20,0
Coasting,310,155,67.9635,-0.133632,0,13.0662,-13.0662,0,2.17771,0,1257.76,0,0,0,0,30,20,0
Coasting,311,155.5,67.8967,-0.133492,0,13.0526,-13.0526,0,2.17543,0,1256.52,0,0,0,0,30,20,0
Coasting,312,156,67.8301,-0.133353,0,13.0389,-13.0389,0,2.17315,0,1255.29,0,0,0,0,30,20,0
Coasting,313,156.5,67.7635,-0.133213,0,13.0253,-13.0253,0,2.17088,0,1254.06,0,0,0,0,30,20,0
Coasting,314,157,67.6969,-0.133074,0,13.0117,-13.0117,0,2.16862,0,1252.83,0,0,0,0,30,20,0
Coasting,315,157.5,67.6305,-0.132935,0,12.9981,-12.9981,0,2.16636,0,1251.6,0,0,0,0,30,20,0
Coasting,316,158,67.5641,-0.132797,0,12.9846,-12.9846,0,2.1641,0,1250.37,0,0,0,0,30,20,0
Coasting,317,158.5,67.4977,-0.132659,0,12.9711,-12.9711,0,2.16184,0,1249.14,0,0,0,0,30,20,0
Coasting,318,159,67.4315,-0.13252,0,12.9576,-12.9576,0,2.15959,0,1247.91,0,0,0,0,30,20,0
Coasting,319,159.5,67.3653,-0.132383,0,12.9441,-12.9441,0,2.15735,0,1246.69,0,0,0,0,30,20,0
Coasting,320,160,67.2992,-0.132245,0,12.9306,-12.9306,0,2.1551,0,1245.46,0,0,0,0,30,20,0
Coasting,321,160.5,67.2331,-0.132108,0,12.9172,-12.9172,0,2.15286,0,1244.24,0,0,0,0,30,20,0
Coasting,322,161,67.1671,-0.13197,0,12.9038,-12.9038,0,2.15063,0,1243.02,0,0,0,0,30,20,0
Coasting,323,161.5,67.1012,-0.131834,0,12.8904,-12.8904,0,2.1484,0,1241.8,0,0,0,0,30,20,0
Coasting,324,162,67.0353,-0.131697,0,12.877,-12.877,0,2.14617,0,1240.58,0,0,0,0,30,20,0
Coasting,325,162.5,66.9696,-0.131561,0,12.8637,-12.8637,0,2.14395,0,1239.36,0,0,0,0,30,20,0
Coasting,326,163,66.9039,-0.131424,0,12.8504,-12.8504,0,2.14173,0,1238.15,0,0,0,0,30,20,0
Coasting,327,163.5,66.8382,-0.131288,0,12.8371,-12.8371,0,2.13952,0,1236.93,0,0,0,0,30,20,0
Coasting,328,164,66.7726,-0.131153,0,12.8238,-12.8238,0,2.1373,0,1235.72,0,0,0,0,30,20,0
Coasting,329,164.5,66.7071,-0.131017,0,12.8106,-12.8106,0,2.1351,0,1234.51,0,0,0,0,30,20,0
Coasting,330,165,66.6417,-0.130882,0,12.7974,-12.7974,0,2.13289,0,1233.3,0,0,0,0,30,20,0
Coasting,331,165.5,66.5763,-0.130747,0,12.7842,-12.7842,0,2.13069,0,1232.09,0,0,0,0,30,20,0
Coasting,332,166,66.511,-0.130612,0,12.771,-12.771,0,2.1285,0,1230.88,0,0,0,0,30,20,0
Coasting,333,166.5,66.4458,-0.130478,0,12.7578,-12.7578,0,2.12631,0,1229.67,0,0,0,0,30,20,0
Coasting,334,167,66.3806,-0.130344,0,12.7447,-12.7447,0,2.12412,0,1228.47,0,0,0,0,30,20,0
Coasting,335,167.5,66.3155,-0.13021,0,12.7316,-12.7316,0,2.12193,0,1227.26,0,0,0,0,30,20,0
Coasting,336,168,66.2505,-0.130076,0,12.7185,-12.7185,0,2.11975,0,1226.06,0,0,0,0,30,20,0
Coasting,337,168.5,66.1855,-0.129942,0,12.7055,-12.7055,0,2.11758,0,1224.85,0,0,0,0,30,20,0
Coasting,338,169,66.1206,-0.129809,0,12.6924,-12.6924,0,2.1154,0,1223.65,0,0,0,0,30,20,0
Coasting,339,169.5,66.0557,-0.129676,0,12.6794,-12.6794,0,2.11324,0,1222.45,0,0,0,0,30,20,0
Coasting,340,170,65.991,-0.129543,0,12.6664,-12.6664,0,2.11107,0,1221.25,0,0,0,0,30,20,0
Coasting,341,170.5,65.9263,-0.12941,0,12.6535,-12.6535,0,2.10891,0,1220.06,0,0,0,0,30,20,0
Coasting,342,171,65.8616,-0.129278,0,12.6405,-12.6405,0,2.10675,0,1218.86,0,0,0,0,30,20,0
Coasting,343,171.5,65.797,-0.129146,0,12.6276,-12.6276,0,2.1046,0,1217.67,0,0,0,0,30,20,0
Coasting,344,172,65.7325,-0.129014,0,12.6147,-12.6147,0,2.10245,0,1216.47,0,0,0,0,30,20,0
Coasting,345,172.5,65.6681,-0.128882,0,12.6018,-12.6018,0,2.1003,0,1215.28,0,0,0,0,30,20,0
Coasting,346,173,65.6037,-0.128751,0,12.589,-12.589,0,2.09816,0,1214.09,0,0,0,0,30,20,0
Coasting,347,173.5,65.5394,-0.128619,0,12.5761,-12.5761,0,2.09602,0,1212.9,0,0,0,0,30,20,0
Coasting,348,174,65.4752,-0.128488,0,12.5633,-12.5633,0,2.09389,0,1211.71,0,0,0,0,30,20,0
Coasting,349,174.5,65.411,-0.128358,0,12.5505,-12.5505,0,2.09175,0,1210.52,0,0,0,0,30,20,0
Coasting,350,175,65.3469,-0.128227,0,12.5378,-12.5378,0,2.08963,0,1209.33,0,0,0,0,30,20,0
Coasting,351,175.5,65.2828,-0.128097,0,12.525,-12.525,0,2.0875,0,1208.15,0,0,0,0,30,20,0
Coasting,352,176,65.2188,-0.127967,0,12.5123,-12.5123,0,2.08538,0,1206.97,0,0,0,0,30,20,0
Coasting,353,176.5,65.1549,-0.127837,0,12.4996,-12.4996,0,2.08327,0,1205.78,0,0,0,0,30,20,0
Coasting,354,177,65.0911,-0.127707,0,12.4869,-12.4869,0,2.08115,0,1204.6,0,0,0,0,30,20,0
Coasting,355,177.5,65.0273,-0.127578,0,12.4743,-12.4743,0,2.07904,0,1203.42,0,0,0,0,30,20,0
Coasting,356,178,64.9636,-0.127448,0,12.4616,-12.4616,0,2.07694,0,1202.24,0,0,0,0,30,20,0
Coasting,357,178.5,64.8999,-0.127319,0,12.449,-12.449,0,2.07484,0,1201.06,0,0,0,0,30,20,0
Accelerating,358,179,65.1421,0.484372,59.7972,12.4364,47.3608,2.49155,2.07274,8.57093,1205.54,1082.03,1104.11,1240.58,1292.27,1322.27,881.512,861.512
Accelerating,359,179.5,65.3822,0.480279,59.4449,12.4844,46.9606,2.47687,2.08073,8.52044,1209.99,1079.62,1101.66,1237.82,1289.39,1319.39,879.594,859.594
Accelerating,360,180,65.6199,0.475333,59.0091,12.532,46.477,2.45871,2.08867,8.45797,1214.39,1075.6,1097.55,1233.21,1284.59,1314.59,876.393,856.393
Accelerating,361,180.5,65.8551,0.470486,58.5824,12.5793,46.0031,2.44093,2.09656,8.39681,1218.74,1071.65,1093.52,1228.68,1279.87,1309.87,873.249,853.249
Accelerating,362,181,66.088,0.465733,58.1646,12.6263,45.5383,2.42353,2.10438,8.33693,1223.05,1067.77,1089.56,1224.23,1275.24,1305.24,870.16,850.16
Accelerating,363,181.5,66.3185,0.461072,57.7554,12.6729,45.0826,2.40648,2.11215,8.27828,1227.32,1063.96,1085.67,1219.86,1270.69,1300.69,867.124,847.124
Accelerating,364,182,66.5468,0.456499,57.3546,12.7191,44.6355,2.38978,2.11986,8.22083,1231.54,1060.21,1081.85,1215.56,1266.21,1296.21,864.14,844.14
Accelerating,365,182.5,66.7728,0.452013,56.9618,12.765,44.1968,2.37341,2.12751,8.16453,1235.72,1056.53,1078.09,1211.34,1261.81,1291.81,861.206,841.206
Accelerating,366,183,66.9966,0.44761,56.5769,12.8106,43.7663,2.35737,2.1351,8.10935,1239.87,1052.91,1074.39,1207.18,1257.48,1287.48,858.322,838.322
Accelerating,367,183.5,67.2182,0.443288,56.1995,12.8559,43.3437,2.34165,2.14264,8.05527,1243.97,1049.34,1070.76,1203.1,1253.23,1283.23,855.485,835.485
Accelerating,368,184,67.4378,0.439044,55.8295,12.9008,42.9288,2.32623,2.15013,8.00223,1248.03,1045.84,1067.18,1199.08,1249.04,1279.04,852.695,832.695
Accelerating,369,184.5,67.6552,0.434877,55.4666,12.9454,42.5213,2.31111,2.15756,7.95022,1252.05,1042.39,1063.66,1195.13,1244.93,1274.93,849.95,829.95
Accelerating,370,185,67.8706,0.430784,55.1107,12.9896,42.1211,2.29628,2.16494,7.8992,1256.04,1039,1060.2,1191.24,1240.87,1270.87,847.249,827.249
Accelerating,371,185.5,68.084,0.426762,54.7614,13.0336,41.7279,2.28173,2.17226,7.84914,1259.99,1035.66,1056.8,1187.41,1236.89,1266.89,844.591,824.591
Accelerating,372,186,68.2954,0.422811,54.4187,13.0772,41.3415,2.26745,2.17954,7.80002,1263.9,1032.37,1053.44,1183.64,1232.96,1262.96,841.975,821.975
Accelerating,373,186.5,68.5048,0.418927,54.0824,13.1206,40.9618,2.25343,2.18676,7.7518,1267.78,1029.14,1050.14,1179.94,1229.1,1259.1,839.4,819.4
Accelerating,374,187,68.7124,0.41511,53.7521,13.1636,40.5885,2.23967,2.19394,7.70447,1271.62,1025.96,1046.89,1176.28,1225.3,1255.3,836.864,816.864
Accelerating,375,187.5,68.9181,0.411356,53.4279,13.2064,40.2215,2.22616,2.20106,7.658,1275.42,1022.82,1043.69,1172.69,1221.55,1251.55,834.367,814.367
Accelerating,376,188,69.1219,0.407666,53.1095,13.2488,39.8606,2.21289,2.20814,7.61236,1279.2,1019.73,1040.54,1169.15,1217.86,1247.86,831.908,811.908
Accelerating,377,188.5,69.3239,0.404035,52.7967,13.291,39.5057,2.19986,2.21517,7.56753,1282.94,1016.69,1037.44,1165.66,1214.23,1244.23,829.485,809.485
Accelerating,378,189,69.5242,0.400465,52.4894,13.3329,39.1565,2.18706,2.22215,7.52349,1286.64,1013.69,1034.38,1162.22,1210.65,1240.65,827.099,807.099
Accelerating,379,189.5,69.7226,0.396951,52.1875,13.3745,38.813,2.17448,2.22908,7.48021,1290.31,1010.74,1031.36,1158.84,1207.12,1237.12,824.747,804.747
Accelerating,380,190,69.9194,0.393494,51.8908,13.4158,38.475,2.16212,2.23597,7.43769,1293.96,1007.83,1028.39,1155.5,1203.64,1233.64,822.43,802.43
Accelerating,381,190.5,70.1144,0.390092,51.5992,13.4569,38.1423,2.14997,2.24282,7.39589,1297.56,1004.96,1025.47,1152.21,1200.22,1230.22,820.146,800.146
Coasting,382,191,70.0454,-0.138045,0,13.4977,-13.4977,0,2.24961,0,1296.29,0,0,0,0,30,20,0
Coasting,383,191.5,69.9765,-0.137897,0,13.4832,-13.4832,0,2.24721,0,1295.01,0,0,0,0,30,20,0
Coasting,384,192,69.9076,-0.137749,0,13.4688,-13.4688,0,2.2448,0,1293.74,0,0,0,0,30,20,0
Coasting,385,192.5,69.8388,-0.137602,0,13.4544,-13.4544,0,2.24241,0,1292.46,0,0,0,0,30,20,0
Coasting,386,193,69.7701,-0.137455,0,13.4401,-13.4401,0,2.24001,0,1291.19,0,0,0,0,30,20,0
Coasting,387,193.5,69.7014,-0.137309,0,13.4257,-13.4257,0,2.23762,0,1289.92,0,0,0,0,30,20,0
Coasting,388,194,69.6328,-0.137162,0,13.4114,-13.4114,0,2.23524,0,1288.65,0,0,0,0,30,20,0
Coasting,389,194.5,69.5643,-0.137016,0,13.3971,-13.3971,0,2.23285,0,1287.38,0,0,0,0,30,20,0
Coasting,390,195,69.4959,-0.13687,0,13.3829,-13.3829,0,2.23048,0,1286.12,0,0,0,0,30,20,0
Coasting,391,195.5,69.4275,-0.136725,0,13.3686,-13.3686,0,2.2281,0,1284.85,0,0,0,0,30,20,0
Coasting,392,196,69.3592,-0.136579,0,13.3544,-13.3544,0,2.22574,0,1283.59,0,0,0,0,30,20,0
Coasting,393,196.5,69.291,-0.136434,0,13.3402,-13.3402,0,2.22337,0,1282.33,0,0,0,0,30,20,0
Coasting,394,197,69.2229,-0.136289,0,13.3261,-13.3261,0,2.22101,0,1281.07,0,0,0,0,30,20,0
Coasting,395,197.5,69.1548,-0.136145,0,13.3119,-13.3119,0,2.21866,0,1279.81,0,0,0,0,30,20,0
Coasting,396,198,69.0868,-0.136,0,13.2978,-13.2978,0,2.2163,0,1278.55,0,0,0,0,30,20,0
Coasting,397,198.5,69.0189,-0.135856,0,13.2837,-13.2837,0,2.21396,0,1277.29,0,0,0,0,30,20,0
Coasting,398,199,68.951,-0.135713,0,13.2697,-13.2697,0,2.21161,0,1276.03,0,0,0,0,30,20,0
Coasting,399,199.5,68.8832,-0.135569,0,13.2556,-13.2556,0,2.20927,0,1274.78,0,0,0,0,30,20,0
Coasting,400,200,68.8155,-0.135426,0,13.2416,-13.2416,0,2.20694,0,1273.53,0,0,0,0,30,20,0
Coasting,401,200.5,68.7479,-0.135283,0,13.2277,-13.2277,0,2.20461,0,1272.27,0,0,0,0,30,20,0
Coasting,402,201,68.6803,-0.13514,0,13.2137,-13.2137,0,2.20228,0,1271.02,0,0,0,0,30,20,0
Coasting,403,201.5,68.6128,-0.134998,0,13.1998,-13.1998,0,2.19996,0,1269.78,0,0,0,0,30,20,0
Coasting,404,202,68.5454,-0.134855,0,13.1859,-13.1859,0,2.19764,0,1268.53,0,0,0,0,30,20,0
Coasting,405,202.5,68.478,-0.134713,0,13.172,-13.172,0,2.19533,0,1267.28,0,0,0,0,30,20,0
Coasting,406,203,68.4107,-0.134572,0,13.1581,-13.1581,0,2.19302,0,1266.04,0,0,0,0,30,20,0
Coasting,407,203.5,68.3435,-0.13443,0,13.1443,-13.1443,0,2.19071,0,1264.79,0,0,0,0,30,20,0
Coasting,408,204,68.2764,-0.134289,0,13.1305,-13.1305,0,2.18841,0,1263.55,0,0,0,0,30,20,0
Coasting,409,204.5,68.2093,-0.134148,0,13.1167,-13.1167,0,2.18611,0,1262.31,0,0,0,0,30,20,0
Coasting,410,205,68.1423,-0.134007,0,13.1029,-13.1029,0,2.18382,0,1261.07,0,0,0,0,30,20,0
Coasting,411,205.5,68.0754,-0.133867,0,13.0892,-13.0892,0,2.18153,0,1259.83,0,0,0,0,30,20,0
Coasting,412,206,68.0085,-0.133726,0,13.0755,-13.0755,0,2.17924,0,1258.59,0,0,0,0,30,20,0
Coasting,413,206.5,67.9417,-0.133586,0,13.0618,-13.0618,0,2.17696,0,1257.36,0,0,0,0,30,20,0
Coasting,414,207,67.875,-0.133447,0,13.0481,-13.0481,0,2.17469,0,1256.12,0,0,0,0,30,20,0
Coasting,415,207.5,67.8083,-0.133307,0,13.0345,-13.0345,0,2.17241,0,1254.89,0,0,0,0,30,20,0
Coasting,416,208,67.7417,-0.133168,0,13.0209,-13.0209,0,2.17014,0,1253.66,0,0,0,0,30,20,0
Coasting,417,208.5,67.6752,-0.133029,0,13.0073,-13.0073,0,2.16788,0,1252.42,0,0,0,0,30,20,0
Coasting,418,209,67.6088,-0.13289,0,12.9937,-12.9937,0,2.16562,0,1251.19,0,0,0,0,30,20,0
Coasting,419,209.5,67.5424,-0.132752,0,12.9802,-12.9802,0,2.16336,0,1249.97,0,0,0,0,30,20,0
Coasting,420,210,67.4761,-0.132613,0,12.9666,-12.9666,0,2.16111,0,1248.74,0,0,0,0,30,20,0
Coasting,421,210.5,67.4099,-0.132475,0,12.9531,-12.9531,0,2.15886,0,1247.51,0,0,0,0,30,20,0
Coasting,422,211,67.3437,-0.132338,0,12.9397,-12.9397,0,2.15661,0,1246.29,0,0,0,0,30,20,0
Coasting,423,211.5,67.2776,-0.1322,0,12.9262,-12.9262,0,2.15437,0,1245.07,0,0,0,0,30,20,0
Coasting,424,212,67.2116,-0.132063,0,12.9128,-12.9128,0,2.15213,0,1243.84,0,0,0,0,30,20,0
Coasting,425,212.5,67.1456,-0.131926,0,12.8994,-12.8994,0,2.1499,0,1242.62,0,0,0,0,30,20,0
Coasting,426,213,67.0797,-0.131789,0,12.886,-12.886,0,2.14767,0,1241.4,0,0,0,0,30,20,0
Coasting,427,213.5,67.0139,-0.131652,0,12.8727,-12.8727,0,2.14545,0,1240.18,0,0,0,0,30,20,0
Coasting,428,214,66.9481,-0.131516,0,12.8593,-12.8593,0,2.14322,0,1238.97,0,0,0,0,30,20,0
Coasting,429,214.5,66.8824,-0.13138,0,12.846,-12.846,0,2.14101,0,1237.75,0,0,0,0,30,20,0
Coasting,430,215,66.8168,-0.131244,0,12.8328,-12.8328,0,2.13879,0,1236.54,0,0,0,0,30,20,0
Coasting,431,215.5,66.7513,-0.131109,0,12.8195,-12.8195,0,2.13658,0,1235.32,0,0,0,0,30,20,0
Coasting,432,216,66.6858,-0.130973,0,12.8063,-12.8063,0,2.13438,0,1234.11,0,0,0,0,30,20,0
Coasting,433,216.5,66.6203,-0.130838,0,12.7931,-12.7931,0,2.13218,0,1232.9,0,0,0,0,30,20,0
Coasting,434,217,66.555,-0.130703,0,12.7799,-12.7799,0,2.12998,0,1231.69,0,0,0,0,30,20,0
Coasting,435,217.5,66.4897,-0.130568,0,12.7667,-12.7667,0,2.12778,0,1230.48,0,0,0,0,30,20,0
Coasting,436,218,66.4245,-0.130434,0,12.7536,-12.7536,0,2.12559,0,1229.28,0,0,0,0,30,20,0
Coasting,437,218.5,66.3593,-0.1303,0,12.7404,-12.7404,0,2.12341,0,1228.07,0,0,0,0,30,20,0
Coasting,438,219,66.2943,-0.130166,0,12.7273,-12.7273,0,2.12122,0,1226.87,0,0,0,0,30,20,0
Coasting,439,219.5,66.2292,-0.130032,0,12.7143,-12.7143,0,2.11904,0,1225.66,0,0,0,0,30,20,0
Coasting,440,220,66.1643,-0.129899,0,12.7012,-12.7012,0,2.11687,0,1224.46,0,0,0,0,30,20,0
Coasting,441,220.5,66.0994,-0.129765,0,12.6882,-12.6882,0,2.1147,0,1223.26,0,0,0,0,30,20,0
Coasting,442,221,66.0346,-0.129632,0,12.6752,-12.6752,0,2.11253,0,1222.06,0,0,0,0,30,20,0
Coasting,443,221.5,65.9698,-0.1295,0,12.6622,-12.6622,0,2.11037,0,1220.86,0,0,0,0,30,20,0
Coasting,444,222,65.9052,-0.129367,0,12.6492,-12.6492,0,2.10821,0,1219.67,0,0,0,0,30,20,0
Coasting,445,222.5,65.8405,-0.129235,0,12.6363,-12.6363,0,2.10605,0,1218.47,0,0,0,0,30,20,0
Coasting,446,223,65.776,-0.129103,0,12.6234,-12.6234,0,2.1039,0,1217.28,0,0,0,0,30,20,0
Coasting,447,223.5,65.7115,-0.128971,0,12.6105,-12.6105,0,2.10175,0,1216.08,0,0,0,0,30,20,0
Coasting,448,224,65.6471,-0.128839,0,12.5976,-12.5976,0,2.0996,0,1214.89,0,0,0,0,30,20,0
Coasting,449,224.5,65.5827,-0.128708,0,12.5848,-12.5848,0,2.09746,0,1213.7,0,0,0,0,30,20,0
Coasting,450,225,65.5184,-0.128577,0,12.5719,-12.5719,0,2.09532,0,1212.51,0,0,0,0,30,20,0
Coasting,451,225.5,65.4542,-0.128446,0,12.5591,-12.5591,0,2.09319,0,1211.32,0,0,0,0,30,20,0
Coasting,452,226,65.3901,-0.128315,0,12.5464,-12.5464,0,2.09106,0,1210.13,0,0,0,0,30,20,0
Coasting,453,226.5,65.326,-0.128185,0,12.5336,-12.5336,0,2.08893,0,1208.95,0,0,0,0,30,20,0
Coasting,454,227,65.2619,-0.128054,0,12.5209,-12.5209,0,2.08681,0,1207.76,0,0,0,0,30,20,0
Coasting,455,227.5,65.198,-0.127924,0,12.5081,-12.5081,0,2.08469,0,1206.58,0,0,0,0,30,20,0
Coasting,456,228,65.1341,-0.127794,0,12.4955,-12.4955,0,2.08258,0,1205.4,0,0,0,0,30,20,0
Coasting,457,228.5,65.0703,-0.127665,0,12.4828,-12.4828,0,2.08046,0,1204.22,0,0,0,0,30,20,0
Coasting,458,229,65.0065,-0.127535,0,12.4701,-12.4701,0,2.07836,0,1203.04,0,0,0,0,30,20,0
Coasting,459,229.5,64.9428,-0.127406,0,12.4575,-12.4575,0,2.07625,0,1201.86,0,0,0,0,30,20,0
Braking,460,230,64.5193,-0.846899,-82.8079,12.4449,-82.8079,-3.45033,2.07415,-11.8691,1194.02,1484.09,1514.37,1701.54,1772.44,1802.44,1201.63,1181.63
Braking,461,230.5,64.0931,-0.852458,-83.3514,12.3613,-83.3514,-3.47298,2.06022,-11.947,1186.13,1483.96,1514.24,1701.4,1772.29,1802.29,1201.53,1181.53
Braking,462,231,63.664,-0.858127,-83.9057,12.2776,-83.9057,-3.49607,2.04627,-12.0265,1178.19,1483.83,1514.11,1701.25,1772.13,1802.13,1201.42,1181.42
Braking,463,231.5,63.2321,-0.86391,-84.4712,12.1938,-84.4712,-3.51963,2.0323,-12.1075,1170.2,1483.69,1513.97,1701.09,1771.97,1801.97,1201.31,1181.31
Braking,464,232,62.7972,-0.869812,-85.0482,12.1098,-85.0482,-3.54368,2.0183,-12.1902,1162.15,1483.55,1513.83,1700.93,1771.8,1801.8,1201.2,1181.2
Braking,465,232.5,62.3593,-0.875835,-85.6372,12.0256,-85.6372,-3.56822,2.00427,-12.2747,1154.04,1483.41,1513.68,1700.77,1771.63,1801.63,1201.09,1181.09
Braking,466,233,61.9183,-0.881986,-86.2386,11.9413,-86.2386,-3.59328,1.99022,-12.3609,1145.88,1483.26,1513.53,1700.6,1771.46,1801.46,1200.97,1180.97
Braking,467,233.5,61.4741,-0.888268,-86.8528,11.8569,-86.8528,-3.61887,1.97614,-12.4489,1137.66,1483.11,1513.38,1700.43,1771.28,1801.28,1200.85,1180.85
Braking,468,234,61.0268,-0.894685,-87.4803,11.7722,-87.4803,-3.64501,1.96204,-12.5388,1129.39,1482.96,1513.22,1700.25,1771.09,1801.09,1200.73,1180.73
Braking,469,234.5,60.5762,-0.901243,-88.1216,11.6874,-88.1216,-3.67173,1.9479,-12.6308,1121.05,1482.8,1513.06,1700.07,1770.9,1800.9,1200.6,1180.6
Braking,470,235,60.1222,-0.907948,-88.7771,11.6024,-88.7771,-3.69905,1.93374,-12.7247,1112.64,1482.63,1512.89,1699.88,1770.7,1800.7,1200.47,1180.47
Braking,471,235.5,59.6648,-0.914804,-89.4475,11.5173,-89.4475,-3.72698,1.91955,-12.8208,1104.18,1482.46,1512.72,1699.68,1770.5,1800.5,1200.33,1180.33
Braking,472,236,59.2039,-0.921817,-90.1332,11.432,-90.1332,-3.75555,1.90533,-12.9191,1095.65,1482.29,1512.54,1699.48,1770.29,1800.29,1200.2,1180.2
Braking,473,236.5,58.7394,-0.928993,-90.8349,11.3465,-90.8349,-3.78479,1.89108,-13.0197,1087.05,1482.11,1512.35,1699.27,1770.08,1800.08,1200.05,1180.05
Braking,474,237,58.2712,-0.936339,-91.5532,11.2608,-91.5532,-3.81472,1.8768,-13.1226,1078.39,1481.92,1512.16,1699.06,1769.86,1799.86,1199.9,1179.9
Braking,475,237.5,57.7993,-0.943862,-92.2887,11.1749,-92.2887,-3.84536,1.86248,-13.2281,1069.66,1481.73,1511.97,1698.84,1769.63,1799.63,1199.75,1179.75
Braking,476,238,57.3235,-0.951569,-93.0423,11.0888,-93.0423,-3.87676,1.84814,-13.3361,1060.85,1481.53,1511.77,1698.61,1769.39,1799.39,1199.59,1179.59
Braking,477,238.5,56.8438,-0.959467,-93.8145,11.0025,-93.8145,-3.90894,1.83376,-13.4467,1051.97,1481.33,1511.56,1698.38,1769.14,1799.14,1199.43,1179.43
Braking,478,239,56.36,-0.967564,-94.6063,10.9161,-94.6063,-3.94193,1.81934,-13.5602,1043.02,1481.11,1511.34,1698.14,1768.89,1798.89,1199.26,1179.26
Braking,479,239.5,55.8721,-0.97587,-95.4184,10.8294,-95.4184,-3.97576,1.80489,-13.6766,1033.99,1480.89,1511.12,1697.88,1768.63,1798.63,1199.09,1179.09
Braking,480,240,55.3799,-0.984392,-96.2516,10.7425,-96.2516,-4.01049,1.79041,-13.7961,1024.88,1480.67,1510.89,1697.62,1768.36,1798.36,1198.91,1178.91
Braking,481,240.5,54.8833,-0.993141,-97.1071,10.6553,-97.1071,-4.04613,1.77589,-13.9187,1015.69,1480.43,1510.65,1697.35,1768.08,1798.08,1198.72,1178.72
Braking,482,241,54.3833,-1,-97.7778,10.568,-97.7778,-4.07407,1.76133,-14.0148,1006.44,1477.08,1507.22,1693.51,1764.07,1794.07,1196.05,1176.05
Braking,483,241.5,53.8833,-1,-97.7778,10.4806,-97.7778,-4.07407,1.74676,-14.0148,997.185,1463.5,1493.36,1677.94,1747.85,1777.85,1185.23,1165.23
Braking,484,242,53.3833,-1,-97.7778,10.3937,-97.7778,-4.07407,1.73229,-14.0148,987.932,1449.92,1479.51,1662.37,1731.63,1761.63,1174.42,1154.42
Braking,485,242.5,52.8833,-1,-97.7778,10.3074,-97.7778,-4.07407,1.71791,-14.0148,978.679,1436.34,1465.65,1646.8,1715.41,1745.41,1163.61,1143.61
Braking,486,243,52.3833,-1,-97.7778,10.2217,-97.7778,-4.07407,1.70362,-14.0148,969.426,1422.76,1451.79,1631.23,1699.19,1729.19,1152.8,1132.8
Braking,487,243.5,51.8833,-1,-97.7778,10.1365,-97.7778,-4.07407,1.68942,-14.0148,960.172,1409.18,1437.93,1615.66,1682.98,1712.98,1141.98,1121.98
Braking,488,244,51.3833,-1,-97.7778,10.0519,-97.7778,-4.07407,1.67532,-14.0148,950.919,1395.6,1424.08,1600.09,1666.76,1696.76,1131.17,1111.17
Braking,489,244.5,50.8833,-1,-97.7778,9.96787,-97.7778,-4.07407,1.66131,-14.0148,941.666,1382.02,1410.22,1584.52,1650.54,1680.54,1120.36,1100.36
Braking,490,245,50.3833,-1,-97.7778,9.88437,-97.7778,-4.07407,1.64739,-14.0148,932.413,1368.44,1396.36,1568.95,1634.32,1664.32,1109.55,1089.55
Braking,491,245.5,49.8833,-1,-97.7778,9.80143,-97.7778,-4.07407,1.63357,-14.0148,923.16,1354.85,1382.5,1553.38,1618.1,1648.1,1098.73,1078.73
Braking,492,246,49.3833,-1,-97.7778,9.71904,-97.7778,-4.07407,1.61984,-14.0148,913.906,1341.27,1368.65,1537.81,1601.88,1631.88,1087.92,1067.92
Braking,493,246.5,48.8833,-1,-97.7778,9.63721,-97.7778,-4.07407,1.6062,-14.0148,904.653,1327.69,1354.79,1522.24,1585.66,1615.66,1077.11,1057.11
Braking,494,247,48.3833,-1,-97.7778,9.55595,-97.7778,-4.07407,1.59266,-14.0148,895.4,1314.11,1340.93,1506.67,1569.44,1599.44,1066.3,1046.3
Braking,495,247.5,47.8833,-1,-97.7778,9.47523,-97.7778,-4.07407,1.57921,-14.0148,886.147,1300.53,1327.08,1491.1,1553.22,1583.22,1055.48,1035.48
Braking,496,248,47.3833,-1,-97.7778,9.39508,-97.7778,-4.07407,1.56585,-14.0148,876.894,1286.95,1313.22,1475.53,1537.01,1567.01,1044.67,1024.67
Braking,497,248.5,46.8833,-1,-97.7778,9.31548,-97.7778,-4.07407,1.55258,-14.0148,867.64,1273.37,1299.36,1459.96,1520.79,1550.79,1033.86,1013.86
Braking,498,249,46.3833,-1,-97.7778,9.23644,-97.7778,-4.07407,1.53941,-14.0148,858.387,1259.79,1285.5,1444.39,1504.57,1534.57,1023.05,1003.05
Braking,499,249.5,45.8833,-1,-97.7778,9.15796,-97.7778,-4.07407,1.52633,-14.0148,849.134,1246.21,1271.65,1428.82,1488.35,1518.35,1012.23,992.233
Braking,500,250,45.3833,-1,-97.7778,9.08004,-97.7778,-4.07407,1.51334,-14.0148,839.881,1232.63,1257.79,1413.25,1472.13,1502.13,1001.42,981.42
Braking,501,250.5,44.8833,-1,-97.7778,9.00267,-97.7778,-4.07407,1.50045,-14.0148,830.628,1219.05,1243.93,1397.68,1455.91,1485.91,990.608,970.608
Braking,502,251,44.3833,-1,-97.7778,8.92587,-97.7778,-4.07407,1.48764,-14.0148,821.374,1205.47,1230.07,1382.11,1439.69,1469.69,979.795,959.795
Braking,503,251.5,43.8833,-1,-97.7778,8.84962,-97.7778,-4.07407,1.47494,-14.0148,812.121,1191.89,1216.22,1366.54,1423.47,1453.47,968.983,948.983
Braking,504,252,43.3833,-1,-97.7778,8.77392,-97.7778,-4.07407,1.46232,-14.0148,802.868,1178.31,1202.36,1350.96,1407.26,1437.26,958.17,938.17
Braking,505,252.5,42.8833,-1,-97.7778,8.69879,-97.7778,-4.07407,1.4498,-14.0148,793.615,1164.73,1188.5,1335.39,1391.04,1421.04,947.358,927.358
Braking,506,253,42.3833,-1,-97.7778,8.62421,-97.7778,-4.07407,1.43737,-14.0148,784.362,1151.15,1174.64,1319.82,1374.82,1404.82,936.545,916.545
Braking,507,253.5,41.8833,-1,-97.7778,8.55019,-97.7778,-4.07407,1.42503,-14.0148,775.108,1137.57,1160.79,1304.25,1358.6,1388.6,925.732,905.732
Braking,508,254,41.3833,-1,-97.7778,8.47673,-97.7778,-4.07407,1.41279,-14.0148,765.855,1123.99,1146.93,1288.68,1342.38,1372.38,914.92,894.92
Braking,509,254.5,40.8833,-1,-97.7778,8.40382,-97.7778,-4.07407,1.40064,-14.0148,756.602,1110.41,1133.07,1273.11,1326.16,1356.16,904.107,884.107
Braking,510,255,40.3833,-1,-97.7778,8.33148,-97.7778,-4.07407,1.38858,-14.0148,747.349,1096.83,1119.21,1257.54,1309.94,1339.94,893.295,873.295
Braking,511,255.5,39.8833,-1,-97.7778,8.25969,-97.7778,-4.07407,1.37661,-14.0148,738.096,1083.25,1105.36,1241.97,1293.72,1323.72,882.482,862.482
Braking,512,256,39.3833,-1,-97.7778,8.18845,-97.7778,-4.07407,1.36474,-14.0148,728.843,1069.67,1091.5,1226.4,1277.5,1307.5,871.67,851.67
Braking,513,256.5,38.8833,-1,-97.7778,8.11778,-97.7778,-4.07407,1.35296,-14.0148,719.589,1056.09,1077.64,1210.83,1261.29,1291.29,860.857,840.857
Braking,514,257,38.3833,-1,-97.7778,8.04766,-97.7778,-4.07407,1.34128,-14.0148,710.336,1042.51,1063.78,1195.26,1245.07,1275.07,850.044,830.044
Braking,515,257.5,37.8833,-1,-97.7778,7.9781,-97.7778,-4.07407,1.32968,-14.0148,701.083,1028.93,1049.93,1179.69,1228.85,1258.85,839.232,819.232
Braking,516,258,37.3833,-1,-97.7778,7.9091,-97.7778,-4.07407,1.31818,-14.0148,691.83,1015.35,1036.07,1164.12,1212.63,1242.63,828.419,808.419
Braking,517,258.5,36.8833,-1,-97.7778,7.84066,-97.7778,-4.07407,1.30678,-14.0148,682.577,1001.77,1022.21,1148.55,1196.41,1226.41,817.607,797.607
Braking,518,259,36.3833,-1,-97.7778,7.77277,-97.7778,-4.07407,1.29546,-14.0148,673.323,988.188,1008.36,1132.98,1180.19,1210.19,806.794,786.794
Braking,519,259.5,35.8833,-1,-97.7778,7.70544,-97.7778,-4.07407,1.28424,-14.0148,664.07,974.608,994.498,1117.41,1163.97,1193.97,795.982,775.982
Braking,520,260,35.3833,-1,-97.7778,7.63867,-97.7778,-4.07407,1.27311,-14.0148,654.817,961.028,980.641,1101.84,1147.75,1177.75,785.169,765.169
Braking,521,260.5,34.8833,-1,-97.7778,7.57246,-97.7778,-4.07407,1.26208,-14.0148,645.564,947.447,966.783,1086.27,1131.53,1161.53,774.356,754.356
Braking,522,261,34.3833,-1,-97.7778,7.5068,-97.7778,-4.07407,1.25113,-14.0148,636.311,933.867,952.926,1070.7,1115.32,1145.32,763.544,743.544
Braking,523,261.5,33.8833,-1,-97.7778,7.4417,-97.7778,-4.07407,1.24028,-14.0148,627.057,920.287,939.068,1055.13,1099.1,1129.1,752.731,732.731
Braking,524,262,33.3833,-1,-97.7778,7.37716,-97.7778,-4.07407,1.22953,-14.0148,617.804,906.707,925.211,1039.56,1082.88,1112.88,741.919,721.919
Braking,525,262.5,32.8833,-1,-97.7778,7.31318,-97.7778,-4.07407,1.21886,-14.0148,608.551,893.126,911.354,1023.99,1066.66,1096.66,731.106,711.106
Braking,526,263,32.3833,-1,-97.7778,7.24976,-97.7778,-4.07407,1.20829,-14.0148,599.298,879.546,897.496,1008.42,1050.44,1080.44,720.293,700.293
Braking,527,263.5,31.8833,-1,-97.7778,7.18689,-97.7778,-4.07407,1.19781,-14.0148,590.045,865.966,883.639,992.853,1034.22,1064.22,709.481,689.481
Braking,528,264,31.3833,-1,-97.7778,7.12458,-97.7778,-4.07407,1.18743,-14.0148,580.791,852.386,869.781,977.282,1018,1048,698.668,678.668
Braking,529,264.5,30.8833,-1,-97.7778,7.06283,-97.7778,-4.07407,1.17714,-14.0148,571.538,838.805,855.924,961.712,1001.78,1031.78,687.856,667.856
Braking,530,265,30.3833,-1,-97.7778,7.00163,-97.7778,-4.07407,1.16694,-14.0148,562.285,825.225,842.067,946.142,985.565,1015.56,677.043,657.043
Braking,531,265.5,29.8833,-1,-97.7778,6.94099,-97.7778,-4.07407,1.15683,-14.0148,553.032,811.645,828.209,930.572,969.346,999.346,666.231,646.231
Braking,532,266,29.3833,-1,-97.7778,6.88091,-97.7778,-4.07407,1.14682,-14.0148,543.779,798.065,814.352,915.002,953.127,983.127,655.418,635.418
Braking,533,266.5,28.8833,-1,-97.7778,6.82139,-97.7778,-4.07407,1.1369,-14.0148,534.525,784.484,800.494,899.432,936.908,966.908,644.605,624.605
Braking,534,267,28.3833,-1,-97.7778,6.76243,-97.7778,-4.07407,1.12707,-14.0148,525.272,770.904,786.637,883.862,920.689,950.689,633.793,613.793
Braking,535,267.5,27.8833,-1,-97.7778,6.70402,-97.7778,-4.07407,1.11734,-14.0148,516.019,757.324,772.78,868.292,904.471,934.471,622.98,602.98
Braking,536,268,27.3833,-1,-97.7778,6.64617,-97.7778,-4.07407,1.1077,-14.0148,506.766,743.744,758.922,852.722,888.252,918.252,612.168,592.168
Braking,537,268.5,26.8833,-1,-97.7778,6.58888,-97.7778,-4.07407,1.09815,-14.0148,497.513,730.164,745.065,837.151,872.033,902.033,601.355,581.355
Braking,538,269,26.3833,-1,-97.7778,6.53215,-97.7778,-4.07407,1.08869,-14.0148,488.259,716.583,731.207,821.581,855.814,885.814,590.543,570.543
Braking,539,269.5,25.8833,-1,-97.7778,6.47597,-97.7778,-4.07407,1.07933,-14.0148,479.006,703.003,717.35,806.011,839.595,869.595,579.73,559.73
Braking,540,270,25.3833,-1,-97.7778,6.42035,-97.7778,-4.07407,1.07006,-14.0148,469.753,689.423,703.493,790.441,823.376,853.376,568.917,548.917
Braking,541,270.5,24.8833,-1,-97.7778,6.36529,-97.7778,-4.07407,1.06088,-14.0148,460.5,675.843,689.635,774.871,807.157,837.157,558.105,538.105
Braking,542,271,24.3833,-1,-97.7778,6.31079,-97.7778,-4.07407,1.0518,-14.0148,451.247,662.262,675.778,759.301,790.938,820.938,547.292,527.292
Braking,543,271.5,23.8833,-1,-97.7778,6.25684,-97.7778,-4.07407,1.04281,-14.0148,441.994,648.682,661.92,743.731,774.72,804.72,536.48,516.48
Braking,544,272,23.3833,-1,-97.7778,6.20345,-97.7778,-4.07407,1.03391,-14.0148,432.74,635.102,648.063,728.161,758.501,788.501,525.667,505.667
Braking,545,272.5,22.8833,-1,-97.7778,6.15062,-97.7778,-4.07407,1.0251,-14.0148,423.487,621.522,634.206,712.591,742.282,772.282,514.855,494.855
Braking,546,273,22.3833,-1,-97.7778,6.09835,-97.7778,-4.07407,1.01639,-14.0148,414.234,607.941,620.348,697.021,726.063,756.063,504.042,484.042
Braking,547,273.5,21.8833,-1,-97.7778,6.04664,-97.7778,-4.07407,1.00777,-14.0148,404.981,594.361,606.491,681.45,709.844,739.844,493.229,473.229
Braking,548,274,21.3833,-1,-97.7778,5.99548,-97.7778,-4.07407,0.999246,-14.0148,395.728,580.781,592.633,665.88,693.625,723.625,482.417,462.417
Braking,549,274.5,20.8833,-1,-97.7778,5.94488,-97.7778,-4.07407,0.990813,-14.0148,386.474,567.201,578.776,650.31,677.406,707.406,471.604,451.604
Braking,550,275,20.3833,-1,-97.7778,5.89484,-97.7778,-4.07407,0.982473,-14.0148,377.221,553.62,564.919,634.74,661.188,691.188,460.792,440.792
Braking,551,275.5,19.8833,-1,-97.7778,5.84535,-97.7778,-4.07407,0.974225,-14.0148,367.968,540.04,551.061,619.17,644.969,674.969,449.979,429.979
Braking,552,276,19.3833,-1,-97.7778,5.79642,-97.7778,-4.07407,0.966071,-14.0148,358.715,526.46,537.204,603.6,628.75,658.75,439.167,419.167
Braking,553,276.5,18.8833,-1,-97.7778,5.74805,-97.7778,-4.07407,0.958009,-14.0148,349.462,512.88,523.346,588.03,612.531,642.531,428.354,408.354
Braking,554,277,18.3833,-1,-97.7778,5.70024,-97.7778,-4.07407,0.95004,-14.0148,340.208,499.299,509.489,572.46,596.312,626.312,417.541,397.541
Braking,555,277.5,17.8833,-1,-97.7778,5.65299,-97.7778,-4.07407,0.942165,-14.0148,330.955,485.719,495.632,556.89,580.093,610.093,406.729,386.729
Braking,556,278,17.3833,-1,-97.7778,5.60629,-97.7778,-4.07407,0.934382,-14.0148,321.702,472.139,481.774,541.319,563.874,593.874,395.916,375.916
Braking,557,278.5,16.8833,-1,-97.7778,5.56015,-97.7778,-4.07407,0.926692,-14.0148,312.449,458.559,467.917,525.749,547.656,577.656,385.104,365.104
Braking,558,279,16.3833,-1,-97.7778,5.51457,-97.7778,-4.07407,0.919095,-14.0148,303.196,444.978,454.06,510.179,531.437,561.437,374.291,354.291
Braking,559,279.5,15.8833,-1,-97.7778,5.46955,-97.7778,-4.07407,0.911591,-14.0148,293.942,431.398,440.202,494.609,515.218,545.218,363.479,343.479
Braking,560,280,15.3833,-1,-97.7778,5.42508,-97.7778,-4.07407,0.90418,-14.0148,284.689,417.818,426.345,479.039,498.999,528.999,352.666,332.666
Braking,561,280.5,14.8833,-1,-97.7778,5.38117,-97.7778,-4.07407,0.896862,-14.0148,275.436,404.238,412.487,463.469,482.78,512.78,341.853,321.853
Braking,562,281,14.3833,-1,-97.7778,5.33782,-97.7778,-4.07407,0.889637,-14.0148,266.183,390.657,398.63,447.899,466.561,496.561,331.041,311.041
Braking,563,281.5,13.8833,-1,-97.7778,5.29503,-97.7778,-4.07407,0.882505,-14.0148,256.93,377.077,384.773,432.329,450.342,480.342,320.228,300.228
Braking,564,282,13.3833,-1,-97.7778,5.25279,-97.7778,-4.07407,0.875465,-14.0148,247.676,363.497,370.915,416.759,434.124,464.124,309.416,289.416
Braking,565,282.5,12.8833,-1,-97.7778,5.21111,-97.7778,-4.07407,0.868519,-14.0148,238.423,349.917,357.058,401.188,417.905,447.905,298.603,278.603
Braking,566,283,12.3833,-1,-97.7778,5.16999,-97.7778,-4.07407,0.861665,-14.0148,229.17,336.336,343.2,385.618,401.686,431.686,287.791,267.791
Braking,567,283.5,11.8833,-1,-97.7778,5.12943,-97.7778,-4.07407,0.854905,-14.0148,219.917,322.756,329.343,370.048,385.467,415.467,276.978,256.978
Braking,568,284,11.3833,-1,-97.7778,5.08942,-97.7778,-4.07407,0.848237,-14.0148,210.664,309.176,315.486,354.478,369.248,399.248,266.165,246.165
Braking,569,284.5,10.8833,-1,-97.7778,5.04998,-97.7778,-4.07407,0.841663,-14.0148,201.41,295.596,301.628,338.908,353.029,383.029,255.353,235.353
Braking,570,285,10.3833,-1,-97.7778,5.01109,-97.7778,-4.07407,0.835181,-14.0148,192.157,282.015,287.771,323.338,336.81,366.81,244.54,224.54
Braking,571,285.5,9.88329,-1,-97.7778,4.97275,-97.7778,-4.07407,0.828792,-14.0148,182.904,268.435,273.913,307.768,320.592,350.592,233.728,213.728
Braking,572,286,9.38329,-1,-97.7778,4.93498,-97.7778,-4.07407,0.822497,-14.0148,173.651,254.855,260.056,292.198,304.373,334.373,222.915,202.915
Braking,573,286.5,8.88329,-1,-97.7778,4.89776,-97.7778,-4.07407,0.816294,-14.0148,164.398,241.275,246.199,276.628,288.154,318.154,212.103,192.103
Braking,574,287,8.38329,-1,-97.7778,4.8611,-97.7778,-4.07407,0.810184,-14.0148,155.144,227.694,232.341,261.058,271.935,301.935,201.29,181.29
Braking,575,287.5,7.88329,-1,-97.7778,4.825,-97.7778,-4.07407,0.804167,-14.0148,145.891,214.114,218.484,245.487,255.716,285.716,190.477,170.477
Braking,576,288,7.38329,-1,-97.7778,4.78946,-97.7778,-4.07407,0.798243,-14.0148,136.638,200.534,204.626,229.917,239.497,269.497,179.665,159.665
Braking,577,288.5,6.88329,-1,-97.7778,4.75447,-97.7778,-4.07407,0.792412,-14.0148,127.385,186.954,190.769,214.347,223.278,253.278,168.852,148.852
Braking,578,289,6.38329,-1,-97.7778,4.72004,-97.7778,-4.07407,0.786674,-14.0148,118.132,173.373,176.912,198.777,207.059,237.059,158.04,138.04
Braking,579,289.5,5.88329,-1,-97.7778,4.68617,-97.7778,-4.07407,0.781028,-14.0148,108.879,159.793,163.054,183.207,190.841,220.841,147.227,127.227
Braking,580,290,5.38329,-1,-97.7778,4.65286,-97.7778,-4.07407,0.775476,-14.0148,99.6253,146.213,149.197,167.637,174.622,204.622,136.415,116.415
Braking,581,290.5,4.88329,-1,-97.7778,4.6201,-97.7778,-4.07407,0.770017,-14.0148,90.3721,132.633,135.339,152.067,158.403,188.403,125.602,105.602
Braking,582,291,4.38329,-1,-97.7778,4.5879,-97.7778,-4.07407,0.76465,-14.0148,81.1189,119.052,121.482,136.497,142.184,172.184,114.789,94.7894
Braking,583,291.5,3.88329,-1,-97.7778,4.55626,-97.7778,-4.07407,0.759377,-14.0148,71.8657,105.472,107.625,120.927,125.965,155.965,103.977,83.9768
Braking,584,292,3.38329,-1,-97.7778,4.52518,-97.7778,-4.07407,0.754196,-14.0148,62.6125,91.8919,93.7672,105.356,109.746,139.746,93.1642,73.1642
Braking,585,292.5,2.88329,-1,-97.7778,4.49465,-97.7778,-4.07407,0.749109,-14.0148,53.3593,78.3117,79.9099,89.7864,93.5275,123.527,82.3516,62.3516
Braking,586,293,2.38329,-1,-97.7778,4.46468,-97.7778,-4.07407,0.744114,-14.0148,44.1061,64.7314,66.0525,74.2162,77.3086,107.309,71.5391,51.5391
Braking,587,293.5,1.88329,-1,-97.7778,4.43527,-97.7778,-4.07407,0.739212,-14.0148,34.8529,51.1512,52.1951,58.6461,61.0897,91.0897,60.7265,40.7265
Braking,588,294,1.38329,-1,-97.7778,4.40642,-97.7778,-4.07407,0.734403,-14.0148,25.5998,37.5709,38.3377,43.076,44.8709,74.8709,49.9139,29.9139
Braking,589,294.5,0.883293,-1,-97.7778,4.37812,-97.7778,-4.07407,0.729687,-14.0148,16.3466,23.9907,24.4803,27.5059,28.652,58.652,39.1013,19.1013
Braking,590,295,0.383293,-1,-97.7778,4.35039,-97.7778,-4.07407,0.725065,-14.0148,7.09337,10.4104,10.6229,11.9358,12.4331,42.4331,28.2888,8.28876
